<?xml version="1.0" encoding="UTF-8"?>

<ActivityDefinition xmlns="http://hl7.org/fhir">
  <id value="H2Q-MC-LZZT-NPI-X"/>
  <text>
    <status value="generated"/><div xmlns="http://www.w3.org/1999/xhtml"><p><b>Generated Narrative</b></p><p><b>url</b>: <code>http://example.org/br-and-r/soa/ActivityDefinition/H2Q-MC-LZZT-NPI-X</code></p><p><b>identifier</b>: OID: F.NPI-X</p><p><b>version</b>: 0.1.1</p><p><b>status</b>: active</p><p><b>date</b>: May 26, 2021, 2:42:20 PM</p><p><b>observationRequirement</b>: <a href="NPI-X-Observations">NPI-X-Observations</a></p><p><b>observationResultRequirement</b>: <a href="NPI-X-Observations">NPI-X-Observations</a></p></div>
  </text>
  <url value="http://example.org/br-and-r/soa/ActivityDefinition/H2Q-MC-LZZT-NPI-X"/>
  <identifier>
    <type>
      <coding>
        <system value="http://www.cdisc.org/ns/odm/v1.3#"/>
        <display value="OID"/>
      </coding>
    </type>
    <system value="http://www.cdisc.org/ns/odm/v1.3/FormDef#"/>
    <value value="F.NPI-X"/>
  </identifier>
  <version value="0.1.1"/>
  <status value="active"/>
  <date value="2021-05-26T14:42:20+00:00"/>
  <observationRequirement>
    <reference value="NPI-X-Observations"/>
  </observationRequirement>
  <observationResultRequirement>
    <reference value="NPI-X-Observations"/>
  </observationResultRequirement>
</ActivityDefinition>