<?xml version="1.0" encoding="UTF-8"?>

<ActivityDefinition xmlns="http://hl7.org/fhir">
  <id value="Visit2"/>
  <meta>
    <profile value="http://example.org/br-and-r/soa/StructureDefinition/SOA-planned-visit-definition"/>
  </meta>
  <text>
    <status value="extensions"/><div xmlns="http://www.w3.org/1999/xhtml"><p><b>Generated Narrative</b></p><p><b>Study Event OID</b>: VISIT2</p><p><b>Planned Study Day of Visit</b>: -1</p><p><b>url</b>: <code>http://example.org/br-and-r/soa/ActivityDefinition/Visit2</code></p><p><b>version</b>: 0.1.0</p><p><b>status</b>: active</p><p><b>date</b>: Apr 9, 2021, 11:39:21 AM</p></div>
  </text>
  <extension url="http://example.org/br-and-r/soa/StructureDefinition/study-event-oid">
    <valueString value="VISIT2"/>
  </extension>
  <extension url="http://example.org/br-and-r/soa/StructureDefinition/planned-visit-study-day">
    <valueInteger value="-1"/>
  </extension>
  <url value="http://example.org/br-and-r/soa/ActivityDefinition/Visit2"/>
  <version value="0.1.0"/>
  <status value="active"/>
  <date value="2021-04-09T11:39:21+00:00"/>
</ActivityDefinition>