<?xml version="1.0" encoding="UTF-8"?>

<ActivityDefinition xmlns="http://hl7.org/fhir">
  <id value="H2Q-MC-LZZT-Study-drug-record"/>
  <text>
    <status value="generated"/><div xmlns="http://www.w3.org/1999/xhtml"><p><b>Generated Narrative</b></p><p><b>url</b>: <code>http://example.org/br-and-r/soa/ActivityDefinition/H2Q-MC-LZZT-Study-drug-record</code></p><p><b>version</b>: 0.1.0</p><p><b>status</b>: active</p><p><b>date</b>: Apr 21, 2021, 3:52:00 PM</p><p><b>observationRequirement</b>: <a href="Study-drug-record-Observations">Study-drug-record-Observations</a></p><p><b>observationResultRequirement</b>: <a href="Study-drug-record-Observations">Study-drug-record-Observations</a></p></div>
  </text>
  <url value="http://example.org/br-and-r/soa/ActivityDefinition/H2Q-MC-LZZT-Study-drug-record"/>
  <version value="0.1.0"/>
  <status value="active"/>
  <date value="2021-04-21T15:52:00+00:00"/>
  <observationRequirement>
    <reference value="Study-drug-record-Observations"/>
  </observationRequirement>
  <observationResultRequirement>
    <reference value="Study-drug-record-Observations"/>
  </observationResultRequirement>
</ActivityDefinition>