<?xml version="1.0" encoding="UTF-8"?>

<ActivityDefinition xmlns="http://hl7.org/fhir">
  <id value="DIABP"/>
  <text>
    <status value="generated"/><div xmlns="http://www.w3.org/1999/xhtml"><p><b>Generated Narrative</b></p><p><b>url</b>: <code>http://example.org/br-and-r/soa/ActivityDefinition/DIABP</code></p><p><b>version</b>: 0.1.1</p><p><b>status</b>: active</p><p><b>date</b>: May 17, 2021, 2:10:57 PM</p></div>
  </text>
  <url value="http://example.org/br-and-r/soa/ActivityDefinition/DIABP"/>
  <version value="0.1.1"/>
  <status value="active"/>
  <date value="2021-05-17T14:10:57+00:00"/>
</ActivityDefinition>