<?xml version="1.0" encoding="UTF-8"?>

<ActivityDefinition xmlns="http://hl7.org/fhir">
  <id value="SYSBP"/>
  <text>
    <status value="generated"/><div xmlns="http://www.w3.org/1999/xhtml"><p><b>Generated Narrative</b></p><p><b>url</b>: <code>http://example.org/br-and-r/soa/ActivityDefinition/SYSBP</code></p><p><b>version</b>: 0.1.0</p><p><b>status</b>: active</p><p><b>date</b>: Apr 9, 2021, 11:28:52 AM</p></div>
  </text>
  <url value="http://example.org/br-and-r/soa/ActivityDefinition/SYSBP"/>
  <version value="0.1.0"/>
  <status value="active"/>
  <date value="2021-04-09T11:28:52+00:00"/>
</ActivityDefinition>