<?xml version="1.0" encoding="UTF-8"?>

<ActivityDefinition xmlns="http://hl7.org/fhir">
  <id value="H2Q-MC-LZZT-Visit-Date"/>
  <text>
    <status value="generated"/><div xmlns="http://www.w3.org/1999/xhtml"><p><b>Generated Narrative</b></p><p><b>url</b>: <code>http://example.org/br-and-r/soa/ActivityDefinition/H2Q-MC-LZZT-Visit-Date</code></p><p><b>version</b>: 0.1.1</p><p><b>status</b>: active</p><p><b>date</b>: May 10, 2021, 9:41:40 AM</p></div>
  </text>
  <url value="http://example.org/br-and-r/soa/ActivityDefinition/H2Q-MC-LZZT-Visit-Date"/>
  <version value="0.1.1"/>
  <status value="active"/>
  <date value="2021-05-10T09:41:40+00:00"/>
</ActivityDefinition>