<?xml version="1.0" encoding="UTF-8"?>

<Organization xmlns="http://hl7.org/fhir">
  <id value="EliLillyAndCompany"/>
  <text>
    <status value="generated"/><div xmlns="http://www.w3.org/1999/xhtml"><p><b>Generated Narrative</b></p><p><b>identifier</b>: id: Eli Lilly and Company (OFFICIAL)</p><p><b>type</b>: <span title="Codes: ">crs</span></p></div>
  </text>
  <identifier>
    <use value="official"/>
    <value value="Eli Lilly and Company"/>
  </identifier>
  <type>
    <coding>
      <code value="crs"/>
    </coding>
  </type>
</Organization>