<?xml version="1.0" encoding="UTF-8"?>

<PlanDefinition xmlns="http://hl7.org/fhir">
  <id value="H2Q-MC-LZZT-Study-Visit-1"/>
  <meta>
    <profile value="http://example.org/br-and-r/soa/StructureDefinition/SOA-PlanDefinition"/>
  </meta>
  <text>
    <status value="extensions"/><div xmlns="http://www.w3.org/1999/xhtml"><p><b>Generated Narrative</b></p><p><b>Planned Study Day of Visit</b>: -14</p><p><b>url</b>: <code>http://example.org/br-and-r/soa/PlanDefinition/H2Q-MC-LZZT-Study-Visit-1</code></p><p><b>identifier</b>: PLAC: VISIT-1 (USUAL), OID: SE.SCREENING_VISIT (SECONDARY)</p><p><b>version</b>: 0.1.1</p><p><b>status</b>: active</p><p><b>date</b>: May 17, 2021, 2:10:57 PM</p><blockquote><p><b>action</b></p><p><b>title</b>: Record Visit Date</p><p><b>definition</b>: <code>ActivityDefinition/H2Q-MC-LZZT-Visit-Date</code></p></blockquote><blockquote><p><b>action</b></p><p><b>title</b>: Informed Consent </p><p><b>definition</b>: <code>ActivityDefinition/H2Q-MC-LZZT-Informed-Consent</code></p></blockquote><blockquote><p><b>action</b></p><p><b>title</b>: Patient number assigned </p><p><b>definition</b>: <code>ActivityDefinition/H2Q-MC-LZZT-Patient-number-assigned</code></p></blockquote><blockquote><p><b>action</b></p><p><b>title</b>: Hachinski 4 </p><p><b>definition</b>: <code>ActivityDefinition/H2Q-MC-LZZT-Hachinski-4</code></p></blockquote><blockquote><p><b>action</b></p><p><b>title</b>: MMSE 10-23 </p><p><b>definition</b>: <code>ActivityDefinition/H2Q-MC-LZZT-MMSE-10-23</code></p></blockquote><blockquote><p><b>action</b></p><p><b>title</b>: Physical examination </p><p><b>definition</b>: <code>ActivityDefinition/H2Q-MC-LZZT-Physical-examination</code></p></blockquote><blockquote><p><b>action</b></p><p><b>title</b>: Medical History </p><p><b>definition</b>: <code>ActivityDefinition/H2Q-MC-LZZT-Medical-History</code></p></blockquote><blockquote><p><b>action</b></p><p><b>title</b>: Habits </p><p><b>definition</b>: <code>ActivityDefinition/H2Q-MC-LZZT-Habits</code></p></blockquote><blockquote><p><b>action</b></p><p><b>title</b>: Chest x-ray </p><p><b>definition</b>: <code>ActivityDefinition/H2Q-MC-LZZT-Chest-x-ray</code></p></blockquote><blockquote><p><b>action</b></p><p><b>title</b>: Vital signs/Temperature </p><p><b>definition</b>: <code>ActivityDefinition/H2Q-MC-LZZT-Vital-signs/Temperature</code></p></blockquote><blockquote><p><b>action</b></p><p><b>title</b>: ECG </p><p><b>definition</b>: <code>ActivityDefinition/H2Q-MC-LZZT-ECG</code></p></blockquote><blockquote><p><b>action</b></p><p><b>title</b>: Placebo TTS test </p><p><b>definition</b>: <code>ActivityDefinition/H2Q-MC-LZZT-Placebo-TTS-test</code></p></blockquote><blockquote><p><b>action</b></p><p><b>title</b>: CT Scan</p><p><b>definition</b>: <code>ActivityDefinition/H2Q-MC-LZZT-CT-Scan</code></p></blockquote><blockquote><p><b>action</b></p><p><b>title</b>: Concomitant Medications </p><p><b>definition</b>: <code>ActivityDefinition/H2Q-MC-LZZT-Concomitant-Medications</code></p></blockquote><blockquote><p><b>action</b></p><p><b>title</b>: Laboratory (Chem/Hemat)</p><p><b>definition</b>: <code>ActivityDefinition/H2Q-MC-LZZT-Laboratory-(Chem/Hemat)</code></p></blockquote><blockquote><p><b>action</b></p><p><b>title</b>: Laboratory (Urinalysis) </p><p><b>definition</b>: <code>ActivityDefinition/H2Q-MC-LZZT-Laboratory-(Urinalysis)</code></p></blockquote><blockquote><p><b>action</b></p><p><b>title</b>: Hemoglobin A1C </p><p><b>definition</b>: <code>ActivityDefinition/H2Q-MC-LZZT-Hemoglobin-A1C</code></p></blockquote><blockquote><p><b>action</b></p><p><b>title</b>: ADAS-Cog </p><p><b>definition</b>: <code>ActivityDefinition/H2Q-MC-LZZT-ADAS-Cog</code></p></blockquote><blockquote><p><b>action</b></p><p><b>title</b>: CIBIC+ </p><p><b>definition</b>: <code>ActivityDefinition/H2Q-MC-LZZT-CIBIC+</code></p></blockquote><blockquote><p><b>action</b></p><p><b>title</b>: DAD </p><p><b>definition</b>: <code>ActivityDefinition/H2Q-MC-LZZT-DAD</code></p></blockquote><blockquote><p><b>action</b></p><p><b>title</b>: NPI-X </p><p><b>definition</b>: <code>ActivityDefinition/H2Q-MC-LZZT-NPI-X</code></p></blockquote><blockquote><p><b>action</b></p><p><b>title</b>: Adverse events </p><p><b>definition</b>: <code>ActivityDefinition/H2Q-MC-LZZT-Adverse-events</code></p></blockquote></div>
  </text>
  <extension url="http://example.org/br-and-r/soa/StructureDefinition/planned-visit-study-day">
    <valueInteger value="-14"/>
  </extension>
  <url value="http://example.org/br-and-r/soa/PlanDefinition/H2Q-MC-LZZT-Study-Visit-1"/>
  <identifier>
    <use value="usual"/>
    <type>
      <coding>
        <code value="PLAC"/>
      </coding>
    </type>
    <value value="VISIT-1"/>
  </identifier>
  <identifier>
    <use value="secondary"/>
    <type>
      <coding>
        <system value="http://www.cdisc.org/ns/odm/v1.3#"/>
        <display value="OID"/>
      </coding>
      <text value="OID"/>
    </type>
    <system value="http://www.cdisc.org/ns/odm/v1.3/StudyDef#"/>
    <value value="SE.SCREENING_VISIT"/>
  </identifier>
  <version value="0.1.1"/>
  <status value="active"/>
  <date value="2021-05-17T14:10:57+00:00"/>
  <action>
    <title value="Record Visit Date"/>
    <definitionUri value="ActivityDefinition/H2Q-MC-LZZT-Visit-Date"/>
  </action>
  <action>
    <title value="Informed Consent "/>
    <definitionUri value="ActivityDefinition/H2Q-MC-LZZT-Informed-Consent"/>
  </action>
  <action>
    <title value="Patient number assigned "/>
    <definitionUri value="ActivityDefinition/H2Q-MC-LZZT-Patient-number-assigned"/>
  </action>
  <action>
    <title value="Hachinski 4 "/>
    <definitionUri value="ActivityDefinition/H2Q-MC-LZZT-Hachinski-4"/>
  </action>
  <action>
    <title value="MMSE 10-23 "/>
    <definitionUri value="ActivityDefinition/H2Q-MC-LZZT-MMSE-10-23"/>
  </action>
  <action>
    <title value="Physical examination "/>
    <definitionUri value="ActivityDefinition/H2Q-MC-LZZT-Physical-examination"/>
  </action>
  <action>
    <title value="Medical History "/>
    <definitionUri value="ActivityDefinition/H2Q-MC-LZZT-Medical-History"/>
  </action>
  <action>
    <title value="Habits "/>
    <definitionUri value="ActivityDefinition/H2Q-MC-LZZT-Habits"/>
  </action>
  <action>
    <title value="Chest x-ray "/>
    <definitionUri value="ActivityDefinition/H2Q-MC-LZZT-Chest-x-ray"/>
  </action>
  <action>
    <title value="Vital signs/Temperature "/>
    <definitionUri value="ActivityDefinition/H2Q-MC-LZZT-Vital-signs/Temperature"/>
  </action>
  <action>
    <title value="ECG "/>
    <definitionUri value="ActivityDefinition/H2Q-MC-LZZT-ECG"/>
  </action>
  <action>
    <title value="Placebo TTS test "/>
    <definitionUri value="ActivityDefinition/H2Q-MC-LZZT-Placebo-TTS-test"/>
  </action>
  <action>
    <title value="CT Scan"/>
    <definitionUri value="ActivityDefinition/H2Q-MC-LZZT-CT-Scan"/>
  </action>
  <action>
    <title value="Concomitant Medications "/>
    <definitionUri value="ActivityDefinition/H2Q-MC-LZZT-Concomitant-Medications"/>
  </action>
  <action>
    <title value="Laboratory (Chem/Hemat)"/>
    <definitionUri value="ActivityDefinition/H2Q-MC-LZZT-Laboratory-(Chem/Hemat)"/>
  </action>
  <action>
    <title value="Laboratory (Urinalysis) "/>
    <definitionUri value="ActivityDefinition/H2Q-MC-LZZT-Laboratory-(Urinalysis)"/>
  </action>
  <action>
    <title value="Hemoglobin A1C "/>
    <definitionUri value="ActivityDefinition/H2Q-MC-LZZT-Hemoglobin-A1C"/>
  </action>
  <action>
    <title value="ADAS-Cog "/>
    <definitionUri value="ActivityDefinition/H2Q-MC-LZZT-ADAS-Cog"/>
  </action>
  <action>
    <title value="CIBIC+ "/>
    <definitionUri value="ActivityDefinition/H2Q-MC-LZZT-CIBIC+"/>
  </action>
  <action>
    <title value="DAD "/>
    <definitionUri value="ActivityDefinition/H2Q-MC-LZZT-DAD"/>
  </action>
  <action>
    <title value="NPI-X "/>
    <definitionUri value="ActivityDefinition/H2Q-MC-LZZT-NPI-X"/>
  </action>
  <action>
    <title value="Adverse events "/>
    <definitionUri value="ActivityDefinition/H2Q-MC-LZZT-Adverse-events"/>
  </action>
</PlanDefinition>