<?xml version="1.0" encoding="UTF-8"?>

<PlanDefinition xmlns="http://hl7.org/fhir">
  <id value="H2Q-MC-LZZT-Study-Visit-7"/>
  <meta>
    <profile value="http://example.org/br-and-r/soa/StructureDefinition/SOA-PlanDefinition"/>
  </meta>
  <text>
    <status value="extensions"/><div xmlns="http://www.w3.org/1999/xhtml"><p><b>Generated Narrative</b></p><p><b>Planned Study Day of Visit</b>: 42</p><p><b>url</b>: <code>http://example.org/br-and-r/soa/PlanDefinition/H2Q-MC-LZZT-Study-Visit-7</code></p><p><b>identifier</b>: id: VISIT-7, OID: SE.TRT_VISIT_04 (SECONDARY)</p><p><b>version</b>: 0.1.1</p><p><b>status</b>: active</p><p><b>date</b>: May 18, 2021, 1:05:31 PM</p><blockquote><p><b>action</b></p><p><b>title</b>: Record Visit Date</p><p><b>definition</b>: <code>ActivityDefinition/H2Q-MC-LZZT-Visit-Date</code></p></blockquote><blockquote><p><b>action</b></p><p><b>title</b>: Vital signs/Temperature </p><p><b>definition</b>: <code>ActivityDefinition/H2Q-MC-LZZT-Vital-signs/Temperature</code></p></blockquote><blockquote><p><b>action</b></p><p><b>title</b>: ECG </p><p><b>definition</b>: <code>ActivityDefinition/H2Q-MC-LZZT-ECG</code></p></blockquote><blockquote><p><b>action</b></p><p><b>title</b>: Concomitant Medications </p><p><b>definition</b>: <code>ActivityDefinition/H2Q-MC-LZZT-Concomitant-Medications</code></p></blockquote><blockquote><p><b>action</b></p><p><b>title</b>: Laboratory (Chem/Hemat)</p><p><b>definition</b>: <code>ActivityDefinition/H2Q-MC-LZZT-Laboratory-(Chem/Hemat)</code></p></blockquote><blockquote><p><b>action</b></p><p><b>title</b>: Plasma Specimen </p><p><b>definition</b>: <code>ActivityDefinition/H2Q-MC-LZZT-Plasma-Specimen</code></p></blockquote><blockquote><p><b>action</b></p><p><b>title</b>: Study drug record </p><p><b>definition</b>: <code>ActivityDefinition/H2Q-MC-LZZT-Study-drug-record</code></p></blockquote><blockquote><p><b>action</b></p><p><b>title</b>: NPI-X </p><p><b>definition</b>: <code>ActivityDefinition/H2Q-MC-LZZT-NPI-X</code></p></blockquote><blockquote><p><b>action</b></p><p><b>title</b>: Adverse events </p><p><b>definition</b>: <code>ActivityDefinition/H2Q-MC-LZZT-Adverse-events</code></p></blockquote></div>
  </text>
  <extension url="http://example.org/br-and-r/soa/StructureDefinition/planned-visit-study-day">
    <valueInteger value="42"/>
  </extension>
  <url value="http://example.org/br-and-r/soa/PlanDefinition/H2Q-MC-LZZT-Study-Visit-7"/>
  <identifier>
    <value value="VISIT-7"/>
  </identifier>
  <identifier>
    <use value="secondary"/>
    <type>
      <coding>
        <system value="http://www.cdisc.org/ns/odm/v1.3#"/>
        <display value="OID"/>
      </coding>
    </type>
    <system value="http://www.cdisc.org/ns/odm/v1.3/StudyDef#"/>
    <value value="SE.TRT_VISIT_04"/>
  </identifier>
  <version value="0.1.1"/>
  <status value="active"/>
  <date value="2021-05-18T13:05:31+00:00"/>
  <action>
    <title value="Record Visit Date"/>
    <definitionUri value="ActivityDefinition/H2Q-MC-LZZT-Visit-Date"/>
  </action>
  <action>
    <title value="Vital signs/Temperature "/>
    <definitionUri value="ActivityDefinition/H2Q-MC-LZZT-Vital-signs/Temperature"/>
  </action>
  <action>
    <title value="ECG "/>
    <definitionUri value="ActivityDefinition/H2Q-MC-LZZT-ECG"/>
  </action>
  <action>
    <title value="Concomitant Medications "/>
    <definitionUri value="ActivityDefinition/H2Q-MC-LZZT-Concomitant-Medications"/>
  </action>
  <action>
    <title value="Laboratory (Chem/Hemat)"/>
    <definitionUri value="ActivityDefinition/H2Q-MC-LZZT-Laboratory-(Chem/Hemat)"/>
  </action>
  <action>
    <title value="Plasma Specimen "/>
    <definitionUri value="ActivityDefinition/H2Q-MC-LZZT-Plasma-Specimen"/>
  </action>
  <action>
    <title value="Study drug record "/>
    <definitionUri value="ActivityDefinition/H2Q-MC-LZZT-Study-drug-record"/>
  </action>
  <action>
    <title value="NPI-X "/>
    <definitionUri value="ActivityDefinition/H2Q-MC-LZZT-NPI-X"/>
  </action>
  <action>
    <title value="Adverse events "/>
    <definitionUri value="ActivityDefinition/H2Q-MC-LZZT-Adverse-events"/>
  </action>
</PlanDefinition>