<?xml version="1.0" encoding="UTF-8"?>

<PlanDefinition xmlns="http://hl7.org/fhir">
  <id value="H2Q-MC-LZZT-Study-Visit-3"/>
  <meta>
    <profile value="http://example.org/br-and-r/soa/StructureDefinition/SOA-PlanDefinition"/>
  </meta>
  <text>
    <status value="extensions"/><div xmlns="http://www.w3.org/1999/xhtml"><p><b>Generated Narrative</b></p><p><b>Planned Study Day of Visit</b>: 0</p><p><b>url</b>: <code>http://example.org/br-and-r/soa/PlanDefinition/H2Q-MC-LZZT-Study-Visit-3</code></p><p><b>identifier</b>: PLAC: VISIT-3 (USUAL), OID: SE.RANDOMIZATION_VISIT (SECONDARY)</p><p><b>version</b>: 0.1.0</p><p><b>status</b>: active</p><p><b>date</b>: Apr 9, 2021, 11:42:58 AM</p><blockquote><p><b>action</b></p><p><b>title</b>: Visit</p><p><b>definition</b>: <code>ActivityDefinition/H2Q-MC-LZZT-Visit</code></p></blockquote><blockquote><p><b>action</b></p><p><b>title</b>: Patient randomized </p><p><b>definition</b>: <code>ActivityDefinition/H2Q-MC-LZZT-Patient-randomized</code></p></blockquote><blockquote><p><b>action</b></p><p><b>title</b>: Vital signs/Temperature </p><p><b>definition</b>: <code>ActivityDefinition/H2Q-MC-LZZT-Vital-signs/Temperature</code></p></blockquote><blockquote><p><b>action</b></p><p><b>title</b>: Ambulatory ECG removed </p><p><b>definition</b>: <code>ActivityDefinition/H2Q-MC-LZZT-Ambulatory-ECG-removed</code></p></blockquote><blockquote><p><b>action</b></p><p><b>title</b>: Concomitant Medications </p><p><b>definition</b>: <code>ActivityDefinition/H2Q-MC-LZZT-Concomitant-Medications</code></p></blockquote><blockquote><p><b>action</b></p><p><b>title</b>: Laboratory (Urinalysis) </p><p><b>definition</b>: <code>ActivityDefinition/H2Q-MC-LZZT-Laboratory-(Urinalysis)</code></p></blockquote><blockquote><p><b>action</b></p><p><b>title</b>: Plasma Specimen </p><p><b>definition</b>: <code>ActivityDefinition/H2Q-MC-LZZT-Plasma-Specimen</code></p></blockquote><blockquote><p><b>action</b></p><p><b>title</b>: Study drug record </p><p><b>definition</b>: <code>ActivityDefinition/H2Q-MC-LZZT-Study-drug-record</code></p></blockquote><blockquote><p><b>action</b></p><p><b>title</b>: ADAS-Cog </p><p><b>definition</b>: <code>ActivityDefinition/H2Q-MC-LZZT-ADAS-Cog</code></p></blockquote><blockquote><p><b>action</b></p><p><b>title</b>: CIBIC+ </p><p><b>definition</b>: <code>ActivityDefinition/H2Q-MC-LZZT-CIBIC+</code></p></blockquote><blockquote><p><b>action</b></p><p><b>title</b>: DAD </p><p><b>definition</b>: <code>ActivityDefinition/H2Q-MC-LZZT-DAD</code></p></blockquote><blockquote><p><b>action</b></p><p><b>title</b>: NPI-X </p><p><b>definition</b>: <code>ActivityDefinition/H2Q-MC-LZZT-NPI-X</code></p></blockquote><blockquote><p><b>action</b></p><p><b>title</b>: Adverse events </p><p><b>definition</b>: <code>ActivityDefinition/H2Q-MC-LZZT-Adverse-events</code></p></blockquote></div>
  </text>
  <extension url="http://example.org/br-and-r/soa/StructureDefinition/planned-visit-study-day">
    <valueInteger value="0"/>
  </extension>
  <url value="http://example.org/br-and-r/soa/PlanDefinition/H2Q-MC-LZZT-Study-Visit-3"/>
  <identifier>
    <use value="usual"/>
    <type>
      <coding>
        <code value="PLAC"/>
      </coding>
    </type>
    <value value="VISIT-3"/>
  </identifier>
  <identifier>
    <use value="secondary"/>
    <type>
      <coding>
        <system value="http://www.cdisc.org/ns/odm/v1.3#"/>
        <display value="OID"/>
      </coding>
    </type>
    <system value="http://www.cdisc.org/ns/odm/v1.3/StudyDef#"/>
    <value value="SE.RANDOMIZATION_VISIT"/>
  </identifier>
  <version value="0.1.0"/>
  <status value="active"/>
  <date value="2021-04-09T11:42:58+00:00"/>
  <action>
    <title value="Visit"/>
    <definitionUri value="ActivityDefinition/H2Q-MC-LZZT-Visit"/>
  </action>
  <action>
    <title value="Patient randomized "/>
    <definitionUri value="ActivityDefinition/H2Q-MC-LZZT-Patient-randomized"/>
  </action>
  <action>
    <title value="Vital signs/Temperature "/>
    <definitionUri value="ActivityDefinition/H2Q-MC-LZZT-Vital-signs/Temperature"/>
  </action>
  <action>
    <title value="Ambulatory ECG removed "/>
    <definitionUri value="ActivityDefinition/H2Q-MC-LZZT-Ambulatory-ECG-removed"/>
  </action>
  <action>
    <title value="Concomitant Medications "/>
    <definitionUri value="ActivityDefinition/H2Q-MC-LZZT-Concomitant-Medications"/>
  </action>
  <action>
    <title value="Laboratory (Urinalysis) "/>
    <definitionUri value="ActivityDefinition/H2Q-MC-LZZT-Laboratory-(Urinalysis)"/>
  </action>
  <action>
    <title value="Plasma Specimen "/>
    <definitionUri value="ActivityDefinition/H2Q-MC-LZZT-Plasma-Specimen"/>
  </action>
  <action>
    <title value="Study drug record "/>
    <definitionUri value="ActivityDefinition/H2Q-MC-LZZT-Study-drug-record"/>
  </action>
  <action>
    <title value="ADAS-Cog "/>
    <definitionUri value="ActivityDefinition/H2Q-MC-LZZT-ADAS-Cog"/>
  </action>
  <action>
    <title value="CIBIC+ "/>
    <definitionUri value="ActivityDefinition/H2Q-MC-LZZT-CIBIC+"/>
  </action>
  <action>
    <title value="DAD "/>
    <definitionUri value="ActivityDefinition/H2Q-MC-LZZT-DAD"/>
  </action>
  <action>
    <title value="NPI-X "/>
    <definitionUri value="ActivityDefinition/H2Q-MC-LZZT-NPI-X"/>
  </action>
  <action>
    <title value="Adverse events "/>
    <definitionUri value="ActivityDefinition/H2Q-MC-LZZT-Adverse-events"/>
  </action>
</PlanDefinition>