<?xml version="1.0" encoding="UTF-8"?>

<PlanDefinition xmlns="http://hl7.org/fhir">
  <id value="H2Q-MC-LZZT-Study-Visit-5"/>
  <meta>
    <profile value="http://example.org/br-and-r/soa/StructureDefinition/SOA-PlanDefinition"/>
  </meta>
  <text>
    <status value="extensions"/><div xmlns="http://www.w3.org/1999/xhtml"><p><b>Generated Narrative</b></p><p><b>Planned Study Day of Visit</b>: 21</p><p><b>url</b>: <code>http://example.org/br-and-r/soa/PlanDefinition/H2Q-MC-LZZT-Study-Visit-5</code></p><p><b>identifier</b>: id: VISIT-5</p><p><b>version</b>: 0.1.0</p><p><b>status</b>: active</p><p><b>date</b>: Apr 21, 2021, 3:52:00 PM</p><blockquote><p><b>action</b></p><p><b>title</b>: Visit</p><p><b>definition</b>: <code>ActivityDefinition/H2Q-MC-LZZT-Visit</code></p></blockquote><blockquote><p><b>action</b></p><p><b>title</b>: Vital signs/Temperature </p><p><b>definition</b>: <code>ActivityDefinition/H2Q-MC-LZZT-Vital-signs/Temperature</code></p></blockquote><blockquote><p><b>action</b></p><p><b>title</b>: ECG </p><p><b>definition</b>: <code>ActivityDefinition/H2Q-MC-LZZT-ECG</code></p></blockquote><blockquote><p><b>action</b></p><p><b>title</b>: Concomitant Medications </p><p><b>definition</b>: <code>ActivityDefinition/H2Q-MC-LZZT-Concomitant-Medications</code></p></blockquote><blockquote><p><b>action</b></p><p><b>title</b>: Laboratory (Chem/Hemat)</p><p><b>definition</b>: <code>ActivityDefinition/H2Q-MC-LZZT-Laboratory-(Chem/Hemat)</code></p></blockquote><blockquote><p><b>action</b></p><p><b>title</b>: Plasma Specimen </p><p><b>definition</b>: <code>ActivityDefinition/H2Q-MC-LZZT-Plasma-Specimen</code></p></blockquote><blockquote><p><b>action</b></p><p><b>title</b>: Study drug record </p><p><b>definition</b>: <code>ActivityDefinition/H2Q-MC-LZZT-Study-drug-record</code></p></blockquote><blockquote><p><b>action</b></p><p><b>title</b>: NPI-X </p><p><b>definition</b>: <code>ActivityDefinition/H2Q-MC-LZZT-NPI-X</code></p></blockquote><blockquote><p><b>action</b></p><p><b>title</b>: Adverse events </p><p><b>definition</b>: <code>ActivityDefinition/H2Q-MC-LZZT-Adverse-events</code></p></blockquote></div>
  </text>
  <extension url="http://example.org/br-and-r/soa/StructureDefinition/planned-visit-study-day">
    <valueInteger value="21"/>
  </extension>
  <url value="http://example.org/br-and-r/soa/PlanDefinition/H2Q-MC-LZZT-Study-Visit-5"/>
  <identifier>
    <value value="VISIT-5"/>
  </identifier>
  <version value="0.1.0"/>
  <status value="active"/>
  <date value="2021-04-21T15:52:00+00:00"/>
  <action>
    <title value="Visit"/>
    <definitionUri value="ActivityDefinition/H2Q-MC-LZZT-Visit"/>
  </action>
  <action>
    <title value="Vital signs/Temperature "/>
    <definitionUri value="ActivityDefinition/H2Q-MC-LZZT-Vital-signs/Temperature"/>
  </action>
  <action>
    <title value="ECG "/>
    <definitionUri value="ActivityDefinition/H2Q-MC-LZZT-ECG"/>
  </action>
  <action>
    <title value="Concomitant Medications "/>
    <definitionUri value="ActivityDefinition/H2Q-MC-LZZT-Concomitant-Medications"/>
  </action>
  <action>
    <title value="Laboratory (Chem/Hemat)"/>
    <definitionUri value="ActivityDefinition/H2Q-MC-LZZT-Laboratory-(Chem/Hemat)"/>
  </action>
  <action>
    <title value="Plasma Specimen "/>
    <definitionUri value="ActivityDefinition/H2Q-MC-LZZT-Plasma-Specimen"/>
  </action>
  <action>
    <title value="Study drug record "/>
    <definitionUri value="ActivityDefinition/H2Q-MC-LZZT-Study-drug-record"/>
  </action>
  <action>
    <title value="NPI-X "/>
    <definitionUri value="ActivityDefinition/H2Q-MC-LZZT-NPI-X"/>
  </action>
  <action>
    <title value="Adverse events "/>
    <definitionUri value="ActivityDefinition/H2Q-MC-LZZT-Adverse-events"/>
  </action>
</PlanDefinition>