<?xml version="1.0" encoding="UTF-8"?>

<PlanDefinition xmlns="http://hl7.org/fhir">
  <id value="H2Q-MC-LZZT-ProtocolDesign"/>
  <meta>
    <profile value="http://example.org/br-and-r/soa/StructureDefinition/SOA-PlanDefinition"/>
  </meta>
  <text>
    <status value="generated"/><div xmlns="http://www.w3.org/1999/xhtml"><p><b>Generated Narrative</b></p><p><b>url</b>: <code>http://example.org/br-and-r/soa/PlanDefinition/H2Q-MC-LZZT-ProtocolDesign</code></p><p><b>version</b>: 0.1.1</p><p><b>status</b>: active</p><p><b>date</b>: May 18, 2021, 1:05:31 PM</p><blockquote><p><b>action</b></p><p><b>title</b>: Visit-1</p><p><b>description</b>: Planned Visit [Visit-1]</p><p><b>definition</b>: <code>PlanDefinition/H2Q-MC-LZZT-Study-Visit-1</code></p></blockquote><blockquote><p><b>action</b></p><p><b>title</b>: Visit-2</p><p><b>description</b>: Planned Visit [Visit-2]</p><p><b>definition</b>: <code>PlanDefinition/H2Q-MC-LZZT-Study-Visit-2</code></p></blockquote><blockquote><p><b>action</b></p><p><b>title</b>: Visit-3</p><p><b>description</b>: Planned Visit [Visit-3]</p><p><b>definition</b>: <code>PlanDefinition/H2Q-MC-LZZT-Study-Visit-3</code></p></blockquote><blockquote><p><b>action</b></p><p><b>title</b>: Visit-4</p><p><b>description</b>: Planned Visit [Visit-4]</p><p><b>definition</b>: <code>PlanDefinition/H2Q-MC-LZZT-Study-Visit-4</code></p></blockquote><blockquote><p><b>action</b></p><p><b>title</b>: Visit-5</p><p><b>description</b>: Planned Visit [Visit-5]</p><p><b>definition</b>: <code>PlanDefinition/H2Q-MC-LZZT-Study-Visit-5</code></p></blockquote><blockquote><p><b>action</b></p><p><b>title</b>: Visit-6</p><p><b>description</b>: Planned Visit [Visit-6]</p><p><b>definition</b>: <code>PlanDefinition/H2Q-MC-LZZT-Study-Visit-6</code></p></blockquote><blockquote><p><b>action</b></p><p><b>title</b>: Visit-7</p><p><b>description</b>: Planned Visit [Visit-7]</p><p><b>definition</b>: <code>PlanDefinition/H2Q-MC-LZZT-Study-Visit-7</code></p></blockquote><blockquote><p><b>action</b></p><p><b>title</b>: Visit-8</p><p><b>description</b>: Planned Visit [Visit-8]</p><p><b>definition</b>: <code>PlanDefinition/H2Q-MC-LZZT-Study-Visit-8</code></p></blockquote><blockquote><p><b>action</b></p><p><b>title</b>: Visit-9</p><p><b>description</b>: Planned Visit [Visit-9]</p><p><b>definition</b>: <code>PlanDefinition/H2Q-MC-LZZT-Study-Visit-9</code></p></blockquote><blockquote><p><b>action</b></p><p><b>title</b>: Visit-10</p><p><b>description</b>: Planned Visit [Visit-10]</p><p><b>definition</b>: <code>PlanDefinition/H2Q-MC-LZZT-Study-Visit-10</code></p></blockquote><blockquote><p><b>action</b></p><p><b>title</b>: Visit-11</p><p><b>description</b>: Planned Visit [Visit-11]</p><p><b>definition</b>: <code>PlanDefinition/H2Q-MC-LZZT-Study-Visit-11</code></p></blockquote><blockquote><p><b>action</b></p><p><b>title</b>: Visit-12</p><p><b>description</b>: Planned Visit [Visit-12]</p><p><b>definition</b>: <code>PlanDefinition/H2Q-MC-LZZT-Study-Visit-12</code></p></blockquote><blockquote><p><b>action</b></p><p><b>title</b>: Visit-13</p><p><b>description</b>: Planned Visit [Visit-13]</p><p><b>definition</b>: <code>PlanDefinition/H2Q-MC-LZZT-Study-Visit-13</code></p></blockquote><blockquote><p><b>action</b></p><p><b>title</b>: ET-14</p><p><b>description</b>: Planned Visit [ET-14]</p><p><b>definition</b>: <code>PlanDefinition/H2Q-MC-LZZT-Study-ET-14</code></p></blockquote><blockquote><p><b>action</b></p><p><b>title</b>: RT-15</p><p><b>description</b>: Planned Visit [RT-15]</p><p><b>definition</b>: <code>PlanDefinition/H2Q-MC-LZZT-Study-RT-15</code></p></blockquote></div>
  </text>
  <url value="http://example.org/br-and-r/soa/PlanDefinition/H2Q-MC-LZZT-ProtocolDesign"/>
  <version value="0.1.1"/>
  <status value="active"/>
  <date value="2021-05-18T13:05:31+00:00"/>
  <action>
    <title value="Visit-1"/>
    <description value="Planned Visit [Visit-1]"/>
    <definitionUri value="PlanDefinition/H2Q-MC-LZZT-Study-Visit-1"/>
  </action>
  <action>
    <title value="Visit-2"/>
    <description value="Planned Visit [Visit-2]"/>
    <definitionUri value="PlanDefinition/H2Q-MC-LZZT-Study-Visit-2"/>
  </action>
  <action>
    <title value="Visit-3"/>
    <description value="Planned Visit [Visit-3]"/>
    <definitionUri value="PlanDefinition/H2Q-MC-LZZT-Study-Visit-3"/>
  </action>
  <action>
    <title value="Visit-4"/>
    <description value="Planned Visit [Visit-4]"/>
    <definitionUri value="PlanDefinition/H2Q-MC-LZZT-Study-Visit-4"/>
  </action>
  <action>
    <title value="Visit-5"/>
    <description value="Planned Visit [Visit-5]"/>
    <definitionUri value="PlanDefinition/H2Q-MC-LZZT-Study-Visit-5"/>
  </action>
  <action>
    <title value="Visit-6"/>
    <description value="Planned Visit [Visit-6]"/>
    <definitionUri value="PlanDefinition/H2Q-MC-LZZT-Study-Visit-6"/>
  </action>
  <action>
    <title value="Visit-7"/>
    <description value="Planned Visit [Visit-7]"/>
    <definitionUri value="PlanDefinition/H2Q-MC-LZZT-Study-Visit-7"/>
  </action>
  <action>
    <title value="Visit-8"/>
    <description value="Planned Visit [Visit-8]"/>
    <definitionUri value="PlanDefinition/H2Q-MC-LZZT-Study-Visit-8"/>
  </action>
  <action>
    <title value="Visit-9"/>
    <description value="Planned Visit [Visit-9]"/>
    <definitionUri value="PlanDefinition/H2Q-MC-LZZT-Study-Visit-9"/>
  </action>
  <action>
    <title value="Visit-10"/>
    <description value="Planned Visit [Visit-10]"/>
    <definitionUri value="PlanDefinition/H2Q-MC-LZZT-Study-Visit-10"/>
  </action>
  <action>
    <title value="Visit-11"/>
    <description value="Planned Visit [Visit-11]"/>
    <definitionUri value="PlanDefinition/H2Q-MC-LZZT-Study-Visit-11"/>
  </action>
  <action>
    <title value="Visit-12"/>
    <description value="Planned Visit [Visit-12]"/>
    <definitionUri value="PlanDefinition/H2Q-MC-LZZT-Study-Visit-12"/>
  </action>
  <action>
    <title value="Visit-13"/>
    <description value="Planned Visit [Visit-13]"/>
    <definitionUri value="PlanDefinition/H2Q-MC-LZZT-Study-Visit-13"/>
  </action>
  <action>
    <title value="ET-14"/>
    <description value="Planned Visit [ET-14]"/>
    <definitionUri value="PlanDefinition/H2Q-MC-LZZT-Study-ET-14"/>
  </action>
  <action>
    <title value="RT-15"/>
    <description value="Planned Visit [RT-15]"/>
    <definitionUri value="PlanDefinition/H2Q-MC-LZZT-Study-RT-15"/>
  </action>
</PlanDefinition>