<?xml version="1.0" encoding="UTF-8"?><ActivityDefinition xmlns="http://hl7.org/fhir"><id value="H2Q-MC-LZZT-Habits"/><url value="http://example.org/br-and-r/soa/ActivityDefinition/H2Q-MC-LZZT-Habits"/><version value="0.1.1"/><status value="active"/><date value="2021-05-10T09:41:40+00:00"/><observationRequirement><reference value="Habits-Observations"/></observationRequirement><observationResultRequirement><reference value="Habits-Observations"/></observationResultRequirement></ActivityDefinition>