<?xml version="1.0" encoding="UTF-8"?><ActivityDefinition xmlns="http://hl7.org/fhir"><id value="H2Q-MC-LZZT-Vitalsigns-Temperature"/><meta><profile value="http://example.org/br-and-r/soa/StructureDefinition/SOA-planned-study-activity-definition"/></meta><url value="http://example.org/br-and-r/soa/ActivityDefinition/H2Q-MC-LZZT-Vitalsigns-Temperature"/><identifier><use value="usual"/><type><coding><code value="PLAC"/></coding></type><value value="Temperature Measurement"/></identifier><identifier><use value="secondary"/><type><coding><system value="http://www.cdisc.org/ns/odm/v1.3#"/><display value="OID"/></coding><text value="OID"/></type><system value="http://www.cdisc.org/ns/odm/v1.3/StudyDef#"/><value value="I.TEMP"/></identifier><version value="0.1.1"/><status value="active"/><date value="2021-05-26T14:42:20+00:00"/><code><coding><system value="http://snomed.info/sct"/><code value="56342008"/><display value="Temperature taking (procedure)"/></coding></code><bodySite><coding><system value="http://snomed.info/sct"/><code value="74262004"/><display value="Oral cavity"/></coding><coding><system value="http://snomed.info/sct"/><code value="34402009"/><display value="Rectum"/></coding><coding><system value="http://snomed.info/sct"/><code value="91470000"/><display value="Axilla"/></coding><coding><system value="http://snomed.info/sct"/><code value="42859004"/><display value="Tympanic membrane structure"/></coding></bodySite></ActivityDefinition>