<?xml version="1.0" encoding="UTF-8"?><ActivityDefinition xmlns="http://hl7.org/fhir"><id value="H2Q-MC-LZZT-Study-drug-record"/><url value="http://example.org/br-and-r/soa/ActivityDefinition/H2Q-MC-LZZT-Study-drug-record"/><version value="0.1.0"/><status value="active"/><date value="2021-05-05T15:48:47+00:00"/><observationRequirement><reference value="Study-drug-record-Observations"/></observationRequirement><observationResultRequirement><reference value="Study-drug-record-Observations"/></observationResultRequirement></ActivityDefinition>