<?xml version="1.0" encoding="UTF-8"?><ActivityDefinition xmlns="http://hl7.org/fhir"><id value="H2Q-MC-LZZT-Patient-number-assigned"/><url value="http://example.org/br-and-r/soa/ActivityDefinition/H2Q-MC-LZZT-Patient-number-assigned"/><version value="0.1.0"/><status value="active"/><date value="2021-04-09T11:42:58+00:00"/><observationRequirement><reference value="Patient-number-assigned-Observations"/></observationRequirement><observationResultRequirement><reference value="Patient-number-assigned-Observations"/></observationResultRequirement></ActivityDefinition>