<?xml version="1.0" encoding="UTF-8"?><ActivityDefinition xmlns="http://hl7.org/fhir"><id value="H2Q-MC-LZZT-Ambulatory-ECG-removed"/><url value="http://example.org/br-and-r/soa/ActivityDefinition/H2Q-MC-LZZT-Ambulatory-ECG-removed"/><version value="0.1.1"/><status value="active"/><date value="2021-05-10T09:41:40+00:00"/><observationRequirement><reference value="Ambulatory-ECG-removed-Observations"/></observationRequirement><observationResultRequirement><reference value="Ambulatory-ECG-removed-Observations"/></observationResultRequirement></ActivityDefinition>