<?xml version="1.0" encoding="UTF-8"?><ActivityDefinition xmlns="http://hl7.org/fhir"><id value="H2Q-MC-LZZT-Plasma-Specimen"/><url value="http://example.org/br-and-r/soa/ActivityDefinition/H2Q-MC-LZZT-Plasma-Specimen"/><version value="0.1.1"/><status value="active"/><date value="2021-05-17T14:10:57+00:00"/><observationRequirement><reference value="Plasma-Specimen-Observations"/></observationRequirement><observationResultRequirement><reference value="Plasma-Specimen-Observations"/></observationResultRequirement></ActivityDefinition>