<?xml version="1.0" encoding="UTF-8"?><ActivityDefinition xmlns="http://hl7.org/fhir"><id value="H2Q-MC-LZZT-Physical-examination"/><url value="http://example.org/br-and-r/soa/ActivityDefinition/H2Q-MC-LZZT-Physical-examination"/><version value="0.1.0"/><status value="active"/><date value="2021-05-05T15:48:47+00:00"/><observationRequirement><reference value="Physical-examination-Observations"/></observationRequirement><observationResultRequirement><reference value="Physical-examination-Observations"/></observationResultRequirement></ActivityDefinition>