<?xml version="1.0" encoding="UTF-8"?><ActivityDefinition xmlns="http://hl7.org/fhir"><id value="Visit3"/><meta><profile value="http://example.org/br-and-r/soa/StructureDefinition/SOA-planned-visit-definition"/></meta><extension url="http://example.org/br-and-r/soa/StructureDefinition/planned-visit-study-day"><valueInteger value="1"/></extension><extension url="http://example.org/br-and-r/soa/StructureDefinition/study-event-oid"><valueString value="VISIT3"/></extension><url value="http://example.org/br-and-r/soa/ActivityDefinition/Visit3"/><version value="0.1.0"/><status value="active"/><date value="2021-04-09T11:28:52+00:00"/></ActivityDefinition>