<?xml version="1.0" encoding="UTF-8"?><ActivityDefinition xmlns="http://hl7.org/fhir"><id value="H2Q-MC-LZZT-Laboratory-Urinalysis"/><url value="http://example.org/br-and-r/soa/ActivityDefinition/H2Q-MC-LZZT-Laboratory-Urinalysis"/><version value="0.1.0"/><status value="active"/><date value="2021-04-09T11:39:21+00:00"/><observationRequirement><reference value="Laboratory-Urinalysis-Observations"/></observationRequirement><observationResultRequirement><reference value="Laboratory-Urinalysis-Observations"/></observationResultRequirement></ActivityDefinition>