<?xml version="1.0" encoding="UTF-8"?><ActivityDefinition xmlns="http://hl7.org/fhir"><id value="H2Q-MC-LZZT-Concomitant-Medications"/><url value="http://example.org/br-and-r/soa/ActivityDefinition/H2Q-MC-LZZT-Concomitant-Medications"/><identifier><type><coding><system value="http://www.cdisc.org/ns/odm/v1.3#"/><display value="OID"/></coding></type><system value="http://www.cdisc.org/ns/odm/v1.3/FormDef#"/><value value="F.CM_1"/></identifier><version value="0.1.1"/><status value="active"/><date value="2021-05-18T13:05:31+00:00"/><observationRequirement><reference value="Concomitant-Medications-Observations"/></observationRequirement><observationResultRequirement><reference value="Concomitant-Medications-Observations"/></observationResultRequirement></ActivityDefinition>