<?xml version="1.0" encoding="UTF-8"?><ActivityDefinition xmlns="http://hl7.org/fhir"><id value="H2Q-MC-LZZT-Adverse-events"/><url value="http://example.org/br-and-r/soa/ActivityDefinition/H2Q-MC-LZZT-Adverse-events"/><version value="0.1.0"/><status value="active"/><date value="2021-04-07T18:53:00+00:00"/><observationRequirement><reference value="Adverse-events-Observations"/></observationRequirement><observationResultRequirement><reference value="Adverse-events-Observations"/></observationResultRequirement></ActivityDefinition>