<?xml version="1.0" encoding="UTF-8"?><ActivityDefinition xmlns="http://hl7.org/fhir"><id value="H2Q-MC-LZZT-ADAS-Cog"/><url value="http://example.org/br-and-r/soa/ActivityDefinition/H2Q-MC-LZZT-ADAS-Cog"/><version value="0.1.1"/><status value="active"/><date value="2021-05-10T09:41:40+00:00"/><observationRequirement><reference value="ADAS-Cog-Observations"/></observationRequirement><observationResultRequirement><reference value="ADAS-Cog-Observations"/></observationResultRequirement></ActivityDefinition>