<?xml version="1.0" encoding="UTF-8"?><ActivityDefinition xmlns="http://hl7.org/fhir"><id value="H2Q-MC-LZZT-Medications-returned"/><url value="http://example.org/br-and-r/soa/ActivityDefinition/H2Q-MC-LZZT-Medications-returned"/><version value="0.1.0"/><status value="active"/><date value="2021-04-09T11:28:52+00:00"/><observationRequirement><reference value="Medications-returned-Observations"/></observationRequirement><observationResultRequirement><reference value="Medications-returned-Observations"/></observationResultRequirement></ActivityDefinition>