<?xml version="1.0" encoding="UTF-8"?><ActivityDefinition xmlns="http://hl7.org/fhir"><id value="H2Q-MC-LZZT-Ambulatory-ECG-placed"/><url value="http://example.org/br-and-r/soa/ActivityDefinition/H2Q-MC-LZZT-Ambulatory-ECG-placed"/><version value="0.1.0"/><status value="active"/><date value="2021-04-07T18:53:00+00:00"/><observationRequirement><reference value="Ambulatory-ECG-placed-Observations"/></observationRequirement><observationResultRequirement><reference value="Ambulatory-ECG-placed-Observations"/></observationResultRequirement></ActivityDefinition>