<?xml version="1.0" encoding="UTF-8"?><ActivityDefinition xmlns="http://hl7.org/fhir"><id value="SubjectRandomizationDate"/><meta><profile value="http://example.org/br-and-r/soa/StructureDefinition/SOA-planned-study-activity-definition"/></meta><extension url="http://example.org/br-and-r/soa/StructureDefinition/soa-study-activity-milestne"><valueCodeableConcept><coding><system value="http://ncimeta.nci.nih.gov"/><code value="C114209"/><display value="Subject is Randomized"/></coding></valueCodeableConcept></extension><extension url="http://example.org/br-and-r/soa/StructureDefinition/soa-study-activity-milestne"><valueCodeableConcept><coding><system value="http://ncimeta.nci.nih.gov"/><code value="C161417"/><display value="Subject Entered Into Trial"/></coding></valueCodeableConcept></extension><url value="http://example.org/br-and-r/soa/ActivityDefinition/SubjectRandomizationDate"/><version value="0.1.0"/><status value="active"/><date value="2021-04-09T11:39:21+00:00"/></ActivityDefinition>