<?xml version="1.0" encoding="UTF-8"?><ActivityDefinition xmlns="http://hl7.org/fhir"><id value="Activity-VitalSignsTemperature"/><url value="http://example.org/br-and-r/soa/ActivityDefinition/Activity-VitalSignsTemperature"/><identifier><use value="secondary"/><type><coding><system value="http://www.cdisc.org/ns/odm/v1.3#"/><display value="OID"/></coding></type><system value="http://www.cdisc.org/ns/odm/v1.3/FormDef#"/><value value="F.VS_3"/></identifier><version value="0.1.1"/><status value="active"/><date value="2021-05-26T14:52:13+00:00"/><observationRequirement><reference value="ObservationDefinition/VitalSigns-Observation"/></observationRequirement><observationResultRequirement><reference value="ObservationDefinition/VitalSigns-Observation"/></observationResultRequirement></ActivityDefinition>