<?xml version="1.0" encoding="UTF-8"?><PlanDefinition xmlns="http://hl7.org/fhir"><id value="VitalSignsTiming"/><meta><profile value="http://example.org/br-and-r/soa/StructureDefinition/SOA-PlanDefinition"/></meta><url value="http://example.org/br-and-r/soa/PlanDefinition/VitalSignsTiming"/><identifier><use value="usual"/><type><coding><code value="PLAC"/></coding></type><value value="VitalSignsHRBP"/></identifier><identifier><use value="secondary"/><type><coding><system value="http://www.cdisc.org/ns/odm/v1.3#"/><display value="OID"/></coding><text value="OID"/></type><system value="http://www.cdisc.org/ns/odm/v1.3/StudyDef#"/><value value="F.VS_4"/></identifier><version value="0.1.1"/><status value="active"/><date value="2021-05-26T14:52:13+00:00"/><action><title value="SUPINE-Timing-Delay-5"/><timingDuration><code value="5min"/></timingDuration></action><action><title value="Vital Signs"/><relatedAction><actionId value="SUPINE-Timing-Delay-5"/><relationship value="after"/></relatedAction><definitionUri value="ActivityDefinition/VitalSigns"/></action><action><title value="STANDING-Timing-Delay-1"/><relatedAction><actionId value="SUPINE-Timing-Delay-5"/><relationship value="after"/></relatedAction><timingDuration><code value="1min"/></timingDuration></action><action><title value="Vital Signs"/><relatedAction><actionId value="STANDING-Timing-Delay-1"/><relationship value="after"/></relatedAction><definitionUri value="ActivityDefinition/VitalSigns"/></action><action><title value="STANDING-Timing-Delay-3"/><relatedAction><actionId value="SUPINE-Timing-Delay-1"/><relationship value="after"/></relatedAction><timingDuration><code value="3min"/></timingDuration></action><action><title value="Vital Signs"/><relatedAction><actionId value="STANDING-Timing-Delay-3"/><relationship value="after"/></relatedAction><definitionUri value="ActivityDefinition/VitalSigns"/></action></PlanDefinition>