<?xml version="1.0" encoding="UTF-8"?><PlanDefinition xmlns="http://hl7.org/fhir"><id value="H2Q-MC-LZZT-Study-Visit-6"/><meta><profile value="http://example.org/br-and-r/soa/StructureDefinition/SOA-PlanDefinition"/></meta><extension url="http://example.org/br-and-r/soa/StructureDefinition/planned-visit-study-day"><valueInteger value="28"/></extension><url value="http://example.org/br-and-r/soa/PlanDefinition/H2Q-MC-LZZT-Study-Visit-6"/><identifier><value value="VISIT-6"/></identifier><version value="0.1.0"/><status value="active"/><date value="2021-04-09T11:39:21+00:00"/><action><title value="Visit"/><definitionUri value="ActivityDefinition/H2Q-MC-LZZT-Visit"/></action></PlanDefinition>