<?xml version="1.0" encoding="UTF-8"?><PlanDefinition xmlns="http://hl7.org/fhir"><id value="H2Q-MC-LZZT-Study-RT-15"/><meta><profile value="http://example.org/br-and-r/soa/StructureDefinition/SOA-PlanDefinition"/></meta><extension url="http://example.org/br-and-r/soa/StructureDefinition/planned-visit-study-day"><valueInteger value="0"/></extension><url value="http://example.org/br-and-r/soa/PlanDefinition/H2Q-MC-LZZT-Study-RT-15"/><identifier><value value="RT-15"/></identifier><version value="0.1.0"/><status value="active"/><date value="2021-04-09T11:39:21+00:00"/><action><title value="RT"/><definitionUri value="ActivityDefinition/H2Q-MC-LZZT-RT"/></action><action><title value="Vital signs/Temperature "/><definitionUri value="ActivityDefinition/H2Q-MC-LZZT-Vital-signs/Temperature"/></action><action><title value="Concomitant Medications "/><definitionUri value="ActivityDefinition/H2Q-MC-LZZT-Concomitant-Medications"/></action><action><title value="ADAS-Cog "/><definitionUri value="ActivityDefinition/H2Q-MC-LZZT-ADAS-Cog"/></action><action><title value="CIBIC+ "/><definitionUri value="ActivityDefinition/H2Q-MC-LZZT-CIBIC+"/></action><action><title value="DAD "/><definitionUri value="ActivityDefinition/H2Q-MC-LZZT-DAD"/></action><action><title value="NPI-X "/><definitionUri value="ActivityDefinition/H2Q-MC-LZZT-NPI-X"/></action><action><title value="Adverse events "/><definitionUri value="ActivityDefinition/H2Q-MC-LZZT-Adverse-events"/></action></PlanDefinition>