<?xml version="1.0" encoding="UTF-8"?><PlanDefinition xmlns="http://hl7.org/fhir"><id value="H2Q-MC-LZZT-Study-Visit-7"/><meta><profile value="http://example.org/br-and-r/soa/StructureDefinition/SOA-PlanDefinition"/></meta><extension url="http://example.org/br-and-r/soa/StructureDefinition/planned-visit-study-day"><valueInteger value="42"/></extension><url value="http://example.org/br-and-r/soa/PlanDefinition/H2Q-MC-LZZT-Study-Visit-7"/><identifier><value value="VISIT-7"/></identifier><version value="0.1.0"/><status value="active"/><date value="2021-04-09T11:28:52+00:00"/><action><title value="Visit"/><definitionUri value="ActivityDefinition/H2Q-MC-LZZT-Visit"/></action><action><title value="Vital signs/Temperature "/><definitionUri value="ActivityDefinition/H2Q-MC-LZZT-Vital-signs/Temperature"/></action><action><title value="ECG "/><definitionUri value="ActivityDefinition/H2Q-MC-LZZT-ECG"/></action><action><title value="Concomitant Medications "/><definitionUri value="ActivityDefinition/H2Q-MC-LZZT-Concomitant-Medications"/></action><action><title value="Laboratory (Chem/Hemat)"/><definitionUri value="ActivityDefinition/H2Q-MC-LZZT-Laboratory-(Chem/Hemat)"/></action><action><title value="Plasma Specimen "/><definitionUri value="ActivityDefinition/H2Q-MC-LZZT-Plasma-Specimen"/></action><action><title value="Study drug record "/><definitionUri value="ActivityDefinition/H2Q-MC-LZZT-Study-drug-record"/></action><action><title value="NPI-X "/><definitionUri value="ActivityDefinition/H2Q-MC-LZZT-NPI-X"/></action><action><title value="Adverse events "/><definitionUri value="ActivityDefinition/H2Q-MC-LZZT-Adverse-events"/></action></PlanDefinition>