<?xml version="1.0" encoding="UTF-8"?><PlanDefinition xmlns="http://hl7.org/fhir"><id value="VitalSigns"/><url value="http://example.org/br-and-r/soa/PlanDefinition/VitalSigns"/><version value="0.1.0"/><status value="active"/><date value="2021-04-21T15:52:00+00:00"/><action><title value="Blood Pressure"/><action><title value="Systolic Blood Pressure"/><definitionUri value="ActivityDefinition/SYSBP"/></action><action><title value="Diastolic Blood Pressure"/><definitionUri value="ActivityDefinition/DIABP"/></action></action><action><title value="Pulse"/><action><title value="Pulse Rate"/><definitionUri value="ActivityDefinition/PULSE"/></action></action></PlanDefinition>