<?xml version="1.0" encoding="UTF-8"?><PlanDefinition xmlns="http://hl7.org/fhir"><id value="H2Q-MC-LZZT-Study-Visit-6"/><meta><profile value="http://example.org/br-and-r/soa/StructureDefinition/SOA-PlanDefinition"/></meta><extension url="http://example.org/br-and-r/soa/StructureDefinition/planned-visit-study-day"><valueInteger value="28"/></extension><url value="http://example.org/br-and-r/soa/PlanDefinition/H2Q-MC-LZZT-Study-Visit-6"/><identifier><value value="VISIT-6"/></identifier><identifier><use value="secondary"/><type><coding><system value="http://www.cdisc.org/ns/odm/v1.3#"/><display value="OID"/></coding></type><system value="http://www.cdisc.org/ns/odm/v1.3/StudyDef#"/><value value="SE.TRT_VISIT_03"/></identifier><version value="0.1.0"/><status value="active"/><date value="2021-05-05T15:48:47+00:00"/><action><title value="Record Visit Date"/><definitionUri value="ActivityDefinition/H2Q-MC-LZZT-Visit-Date"/></action></PlanDefinition>