<?xml version="1.0" encoding="UTF-8"?><PlanDefinition xmlns="http://hl7.org/fhir"><id value="H2Q-MC-LZZT-Study-Visit-11"/><meta><profile value="http://example.org/br-and-r/soa/StructureDefinition/SOA-PlanDefinition"/></meta><extension url="http://example.org/br-and-r/soa/StructureDefinition/planned-visit-study-day"><valueInteger value="140"/></extension><url value="http://example.org/br-and-r/soa/PlanDefinition/H2Q-MC-LZZT-Study-Visit-11"/><identifier><value value="VISIT-11"/></identifier><identifier><use value="secondary"/><type><coding><system value="http://www.cdisc.org/ns/odm/v1.3#"/><display value="OID"/></coding></type><system value="http://www.cdisc.org/ns/odm/v1.3/StudyDef#"/><value value="SE.TRT_VISIT_08"/></identifier><version value="0.1.1"/><status value="active"/><date value="2021-05-10T09:41:40+00:00"/><action><title value="Record Visit Date"/><definitionUri value="ActivityDefinition/H2Q-MC-LZZT-Visit-Date"/></action><action><title value="Vital signs/Temperature "/><definitionUri value="ActivityDefinition/H2Q-MC-LZZT-Vital-signs/Temperature"/></action><action><title value="ECG "/><definitionUri value="ActivityDefinition/H2Q-MC-LZZT-ECG"/></action><action><title value="Concomitant Medications "/><definitionUri value="ActivityDefinition/H2Q-MC-LZZT-Concomitant-Medications"/></action><action><title value="Laboratory (Chem/Hemat)"/><definitionUri value="ActivityDefinition/H2Q-MC-LZZT-Laboratory-(Chem/Hemat)"/></action><action><title value="Laboratory (Urinalysis) "/><definitionUri value="ActivityDefinition/H2Q-MC-LZZT-Laboratory-(Urinalysis)"/></action><action><title value="Plasma Specimen "/><definitionUri value="ActivityDefinition/H2Q-MC-LZZT-Plasma-Specimen"/></action><action><title value="Study drug record "/><definitionUri value="ActivityDefinition/H2Q-MC-LZZT-Study-drug-record"/></action><action><title value="ADAS-Cog "/><definitionUri value="ActivityDefinition/H2Q-MC-LZZT-ADAS-Cog"/></action><action><title value="CIBIC+ "/><definitionUri value="ActivityDefinition/H2Q-MC-LZZT-CIBIC+"/></action><action><title value="DAD "/><definitionUri value="ActivityDefinition/H2Q-MC-LZZT-DAD"/></action><action><title value="NPI-X "/><definitionUri value="ActivityDefinition/H2Q-MC-LZZT-NPI-X"/></action><action><title value="Adverse events "/><definitionUri value="ActivityDefinition/H2Q-MC-LZZT-Adverse-events"/></action></PlanDefinition>