<?xml version="1.0" encoding="UTF-8"?><PlanDefinition xmlns="http://hl7.org/fhir"><id value="ScreeningEpoch"/><meta><profile value="http://example.org/br-and-r/soa/StructureDefinition/SOA-epoch-definition"/></meta><extension url="http://example.org/br-and-r/soa/StructureDefinition/soa-epoch-epochtype"><valueCodeableConcept><coding><system value="http://ncimeta.nci.nih.gov"/><code value="C48262"/><display value="SCREENING"/></coding></valueCodeableConcept></extension><url value="http://example.org/br-and-r/soa/PlanDefinition/ScreeningEpoch"/><version value="0.1.1"/><status value="active"/><date value="2021-05-17T14:10:57+00:00"/></PlanDefinition>