<?xml version="1.0" encoding="UTF-8"?><PlanDefinition xmlns="http://hl7.org/fhir"><id value="H2Q-MC-LZZT-Study-ET-14"/><meta><profile value="http://example.org/br-and-r/soa/StructureDefinition/SOA-PlanDefinition"/></meta><extension url="http://example.org/br-and-r/soa/StructureDefinition/planned-visit-study-day"><valueInteger value="0"/></extension><url value="http://example.org/br-and-r/soa/PlanDefinition/H2Q-MC-LZZT-Study-ET-14"/><identifier><value value="ET-14"/></identifier><version value="0.1.0"/><status value="active"/><date value="2021-04-07T18:53:00+00:00"/><action><title value="ET"/><definitionUri value="ActivityDefinition/H2Q-MC-LZZT-ET"/></action><action><title value="Physical examination "/><definitionUri value="ActivityDefinition/H2Q-MC-LZZT-Physical-examination"/></action><action><title value="Vital signs/Temperature "/><definitionUri value="ActivityDefinition/H2Q-MC-LZZT-Vital-signs/Temperature"/></action><action><title value="ECG "/><definitionUri value="ActivityDefinition/H2Q-MC-LZZT-ECG"/></action><action><title value="Concomitant Medications "/><definitionUri value="ActivityDefinition/H2Q-MC-LZZT-Concomitant-Medications"/></action><action><title value="Laboratory (Chem/Hemat)"/><definitionUri value="ActivityDefinition/H2Q-MC-LZZT-Laboratory-(Chem/Hemat)"/></action><action><title value="Laboratory (Urinalysis) "/><definitionUri value="ActivityDefinition/H2Q-MC-LZZT-Laboratory-(Urinalysis)"/></action><action><title value="Study drug record "/><definitionUri value="ActivityDefinition/H2Q-MC-LZZT-Study-drug-record"/></action><action><title value="TTS Acceptability Survey"/><definitionUri value="ActivityDefinition/H2Q-MC-LZZT-TTS-Acceptability-Survey"/></action><action><title value="ADAS-Cog "/><definitionUri value="ActivityDefinition/H2Q-MC-LZZT-ADAS-Cog"/></action><action><title value="CIBIC+ "/><definitionUri value="ActivityDefinition/H2Q-MC-LZZT-CIBIC+"/></action><action><title value="DAD "/><definitionUri value="ActivityDefinition/H2Q-MC-LZZT-DAD"/></action><action><title value="NPI-X "/><definitionUri value="ActivityDefinition/H2Q-MC-LZZT-NPI-X"/></action><action><title value="Adverse events "/><definitionUri value="ActivityDefinition/H2Q-MC-LZZT-Adverse-events"/></action></PlanDefinition>