<?xml version="1.0" encoding="UTF-8"?><PlanDefinition xmlns="http://hl7.org/fhir"><id value="H2Q-MC-LZZT-Study-Visit-2"/><meta><profile value="http://example.org/br-and-r/soa/StructureDefinition/SOA-PlanDefinition"/></meta><extension url="http://example.org/br-and-r/soa/StructureDefinition/planned-visit-study-day"><valueInteger value="0"/></extension><url value="http://example.org/br-and-r/soa/PlanDefinition/H2Q-MC-LZZT-Study-Visit-2"/><identifier><use value="usual"/><type><coding><code value="PLAC"/></coding></type><value value="VISIT-2"/></identifier><identifier><use value="secondary"/><type><coding><system value="http://www.cdisc.org/ns/odm/v1.3#"/><display value="OID"/></coding></type><system value="http://www.cdisc.org/ns/odm/v1.3/StudyDef#"/><value value="SE.AMB_ECG_VISIT"/></identifier><version value="0.1.0"/><status value="active"/><date value="2021-04-09T11:42:58+00:00"/><action><title value="Visit"/><definitionUri value="ActivityDefinition/H2Q-MC-LZZT-Visit"/></action><action><title value="Vital signs/Temperature "/><definitionUri value="ActivityDefinition/H2Q-MC-LZZT-Vital-signs/Temperature"/></action><action><title value="Ambulatory ECG placed "/><definitionUri value="ActivityDefinition/H2Q-MC-LZZT-Ambulatory-ECG-placed"/></action><action><title value="Adverse events "/><definitionUri value="ActivityDefinition/H2Q-MC-LZZT-Adverse-events"/></action></PlanDefinition>