<?xml version="1.0" encoding="UTF-8"?><ValueSet xmlns="http://hl7.org/fhir"><id value="soa-arm-status-valueset"/><text><status value="generated"/><div xmlns="http://www.w3.org/1999/xhtml"><ul><li>Include these codes as defined in <a href="http://ncimeta.nci.nih.gov"><code>http://ncimeta.nci.nih.gov</code></a><table class="none"><tr><td style="white-space:nowrap"><b>Code</b></td><td><b>Display</b></td></tr><tr><td>C49069</td><td>Open</td></tr><tr><td>C49070</td><td>Closed</td></tr></table></li></ul></div></text><url value="http://example.org/br-and-r/soa/ValueSet/soa-arm-status-valueset"/><version value="0.1.0"/><name value="ArmStatusValueSet"/><title value="Arm Status Value Set"/><status value="active"/><date value="2021-05-05T15:48:47+00:00"/><description value="Set of permitted values for Arm status"/><compose><include><system value="http://ncimeta.nci.nih.gov"/><concept><code value="C49069"/><display value="Open"/></concept><concept><code value="C49070"/><display value="Closed"/></concept></include></compose></ValueSet>