{
  "resourceType": "ActivityDefinition",
  "id": "H2Q-MC-LZZT-Adverse-events",
  "text": {
    "status": "generated",
    "div": "<div xmlns=\"http://www.w3.org/1999/xhtml\"><p><b>Generated Narrative</b></p><p><b>url</b>: <code>http://example.org/br-and-r/soa/ActivityDefinition/H2Q-MC-LZZT-Adverse-events</code></p><p><b>version</b>: 0.1.0</p><p><b>status</b>: active</p><p><b>date</b>: Apr 21, 2021, 3:52:00 PM</p><p><b>observationRequirement</b>: <a href=\"Adverse-events-Observations\">Adverse-events-Observations</a></p><p><b>observationResultRequirement</b>: <a href=\"Adverse-events-Observations\">Adverse-events-Observations</a></p></div>"
  },
  "url": "http://example.org/br-and-r/soa/ActivityDefinition/H2Q-MC-LZZT-Adverse-events",
  "version": "0.1.0",
  "status": "active",
  "date": "2021-04-21T15:52:00+00:00",
  "observationRequirement": [
    {
      "reference": "Adverse-events-Observations"
    }
  ],
  "observationResultRequirement": [
    {
      "reference": "Adverse-events-Observations"
    }
  ]
}