{
  "resourceType": "ActivityDefinition",
  "id": "H2Q-MC-LZZT-Plasma-Specimen",
  "text": {
    "status": "generated",
    "div": "<div xmlns=\"http://www.w3.org/1999/xhtml\"><p><b>Generated Narrative</b></p><p><b>url</b>: <code>http://example.org/br-and-r/soa/ActivityDefinition/H2Q-MC-LZZT-Plasma-Specimen</code></p><p><b>version</b>: 0.1.1</p><p><b>status</b>: active</p><p><b>date</b>: May 18, 2021, 1:05:31 PM</p><p><b>observationRequirement</b>: <a href=\"Plasma-Specimen-Observations\">Plasma-Specimen-Observations</a></p><p><b>observationResultRequirement</b>: <a href=\"Plasma-Specimen-Observations\">Plasma-Specimen-Observations</a></p></div>"
  },
  "url": "http://example.org/br-and-r/soa/ActivityDefinition/H2Q-MC-LZZT-Plasma-Specimen",
  "version": "0.1.1",
  "status": "active",
  "date": "2021-05-18T13:05:31+00:00",
  "observationRequirement": [
    {
      "reference": "Plasma-Specimen-Observations"
    }
  ],
  "observationResultRequirement": [
    {
      "reference": "Plasma-Specimen-Observations"
    }
  ]
}