<?xml version="1.0" encoding="UTF-8"?>

<ActivityDefinition xmlns="http://hl7.org/fhir">
  <id value="H2Q-MC-LZZT-Medical-History"/>
  <text>
    <status value="generated"/><div xmlns="http://www.w3.org/1999/xhtml"><p><b>Generated Narrative</b></p><p><b>url</b>: <code>http://example.org/br-and-r/soa/ActivityDefinition/H2Q-MC-LZZT-Medical-History</code></p><p><b>version</b>: 0.1.0</p><p><b>status</b>: active</p><p><b>date</b>: Apr 9, 2021, 11:39:21 AM</p><p><b>observationRequirement</b>: <a href="Medical-History-Observations">Medical-History-Observations</a></p><p><b>observationResultRequirement</b>: <a href="Medical-History-Observations">Medical-History-Observations</a></p></div>
  </text>
  <url value="http://example.org/br-and-r/soa/ActivityDefinition/H2Q-MC-LZZT-Medical-History"/>
  <version value="0.1.0"/>
  <status value="active"/>
  <date value="2021-04-09T11:39:21+00:00"/>
  <observationRequirement>
    <reference value="Medical-History-Observations"/>
  </observationRequirement>
  <observationResultRequirement>
    <reference value="Medical-History-Observations"/>
  </observationResultRequirement>
</ActivityDefinition>