<?xml version="1.0" encoding="UTF-8"?>

<ActivityDefinition xmlns="http://hl7.org/fhir">
  <id value="PULSE"/>
  <text>
    <status value="generated"/><div xmlns="http://www.w3.org/1999/xhtml"><p><b>Generated Narrative</b></p><p><b>url</b>: <code>http://example.org/br-and-r/soa/ActivityDefinition/PULSE</code></p><p><b>version</b>: 0.1.0</p><p><b>status</b>: active</p><p><b>date</b>: Apr 7, 2021, 6:53:00 PM</p></div>
  </text>
  <url value="http://example.org/br-and-r/soa/ActivityDefinition/PULSE"/>
  <version value="0.1.0"/>
  <status value="active"/>
  <date value="2021-04-07T18:53:00+00:00"/>
</ActivityDefinition>