<?xml version="1.0" encoding="UTF-8"?>

<ActivityDefinition xmlns="http://hl7.org/fhir">
  <id value="H2Q-MC-LZZT-Vitalsigns-Temperature"/>
  <meta>
    <profile value="http://example.org/br-and-r/soa/StructureDefinition/SOA-planned-study-activity-definition"/>
  </meta>
  <text>
    <status value="generated"/><div xmlns="http://www.w3.org/1999/xhtml"><p><b>Generated Narrative</b></p><p><b>url</b>: <code>http://example.org/br-and-r/soa/ActivityDefinition/H2Q-MC-LZZT-Vitalsigns-Temperature</code></p><p><b>identifier</b>: PLAC: Temperature Measurement (USUAL), OID: I.TEMP (SECONDARY)</p><p><b>version</b>: 0.1.1</p><p><b>status</b>: active</p><p><b>date</b>: May 26, 2021, 2:42:20 PM</p><p><b>code</b>: <span title="Codes: {http://snomed.info/sct 56342008}">Temperature taking (procedure)</span></p><p><b>bodySite</b>: <span title="Codes: {http://snomed.info/sct 74262004}, {http://snomed.info/sct 34402009}, {http://snomed.info/sct 91470000}, {http://snomed.info/sct 42859004}">Oral cavity</span></p></div>
  </text>
  <url value="http://example.org/br-and-r/soa/ActivityDefinition/H2Q-MC-LZZT-Vitalsigns-Temperature"/>
  <identifier>
    <use value="usual"/>
    <type>
      <coding>
        <code value="PLAC"/>
      </coding>
    </type>
    <value value="Temperature Measurement"/>
  </identifier>
  <identifier>
    <use value="secondary"/>
    <type>
      <coding>
        <system value="http://www.cdisc.org/ns/odm/v1.3#"/>
        <display value="OID"/>
      </coding>
      <text value="OID"/>
    </type>
    <system value="http://www.cdisc.org/ns/odm/v1.3/StudyDef#"/>
    <value value="I.TEMP"/>
  </identifier>
  <version value="0.1.1"/>
  <status value="active"/>
  <date value="2021-05-26T14:42:20+00:00"/>
  <code>
    <coding>
      <system value="http://snomed.info/sct"/>
      <code value="56342008"/>
      <display value="Temperature taking (procedure)"/>
    </coding>
  </code>
  <bodySite>
    <coding>
      <system value="http://snomed.info/sct"/>
      <code value="74262004"/>
      <display value="Oral cavity"/>
    </coding>
    <coding>
      <system value="http://snomed.info/sct"/>
      <code value="34402009"/>
      <display value="Rectum"/>
    </coding>
    <coding>
      <system value="http://snomed.info/sct"/>
      <code value="91470000"/>
      <display value="Axilla"/>
    </coding>
    <coding>
      <system value="http://snomed.info/sct"/>
      <code value="42859004"/>
      <display value="Tympanic membrane structure"/>
    </coding>
  </bodySite>
</ActivityDefinition>