<?xml version="1.0" encoding="UTF-8"?>

<ActivityDefinition xmlns="http://hl7.org/fhir">
  <id value="H2Q-MC-LZZT-Physical-examination"/>
  <text>
    <status value="generated"/><div xmlns="http://www.w3.org/1999/xhtml"><p><b>Generated Narrative</b></p><p><b>url</b>: <code>http://example.org/br-and-r/soa/ActivityDefinition/H2Q-MC-LZZT-Physical-examination</code></p><p><b>version</b>: 0.1.1</p><p><b>status</b>: active</p><p><b>date</b>: May 18, 2021, 1:05:31 PM</p><p><b>observationRequirement</b>: <a href="Physical-examination-Observations">Physical-examination-Observations</a></p><p><b>observationResultRequirement</b>: <a href="Physical-examination-Observations">Physical-examination-Observations</a></p></div>
  </text>
  <url value="http://example.org/br-and-r/soa/ActivityDefinition/H2Q-MC-LZZT-Physical-examination"/>
  <version value="0.1.1"/>
  <status value="active"/>
  <date value="2021-05-18T13:05:31+00:00"/>
  <observationRequirement>
    <reference value="Physical-examination-Observations"/>
  </observationRequirement>
  <observationResultRequirement>
    <reference value="Physical-examination-Observations"/>
  </observationResultRequirement>
</ActivityDefinition>