<?xml version="1.0" encoding="UTF-8"?>

<ActivityDefinition xmlns="http://hl7.org/fhir">
  <id value="H2Q-MC-LZZT-ECG"/>
  <text>
    <status value="generated"/><div xmlns="http://www.w3.org/1999/xhtml"><p><b>Generated Narrative</b></p><p><b>url</b>: <code>http://example.org/br-and-r/soa/ActivityDefinition/H2Q-MC-LZZT-ECG</code></p><p><b>version</b>: 0.1.1</p><p><b>status</b>: active</p><p><b>date</b>: May 17, 2021, 9:11:23 PM</p><p><b>observationRequirement</b>: <a href="ECG-Observations">ECG-Observations</a></p><p><b>observationResultRequirement</b>: <a href="ECG-Observations">ECG-Observations</a></p></div>
  </text>
  <url value="http://example.org/br-and-r/soa/ActivityDefinition/H2Q-MC-LZZT-ECG"/>
  <version value="0.1.1"/>
  <status value="active"/>
  <date value="2021-05-17T21:11:23+00:00"/>
  <observationRequirement>
    <reference value="ECG-Observations"/>
  </observationRequirement>
  <observationResultRequirement>
    <reference value="ECG-Observations"/>
  </observationResultRequirement>
</ActivityDefinition>