{
  "resourceType": "ActivityDefinition",
  "id": "H2Q-MC-LZZT-Visit-Date",
  "text": {
    "status": "generated",
    "div": "<div xmlns=\"http://www.w3.org/1999/xhtml\"><p><b>Generated Narrative</b></p><p><b>url</b>: <code>http://example.org/br-and-r/soa/ActivityDefinition/H2Q-MC-LZZT-Visit-Date</code></p><p><b>identifier</b>: OID: F.DOV (SECONDARY)</p><p><b>version</b>: 0.1.1</p><p><b>status</b>: active</p><p><b>date</b>: May 26, 2021, 2:42:20 PM</p></div>"
  },
  "url": "http://example.org/br-and-r/soa/ActivityDefinition/H2Q-MC-LZZT-Visit-Date",
  "identifier": [
    {
      "use": "secondary",
      "type": {
        "coding": [
          {
            "system": "http://www.cdisc.org/ns/odm/v1.3#",
            "display": "OID"
          }
        ]
      },
      "system": "http://www.cdisc.org/ns/odm/v1.3/FormDef#",
      "value": "F.DOV"
    }
  ],
  "version": "0.1.1",
  "status": "active",
  "date": "2021-05-26T14:42:20+00:00"
}