<?xml version="1.0" encoding="UTF-8"?>

<ActivityDefinition xmlns="http://hl7.org/fhir">
  <id value="Visit3"/>
  <meta>
    <profile value="http://example.org/br-and-r/soa/StructureDefinition/SOA-planned-visit-definition"/>
  </meta>
  <text>
    <status value="extensions"/><div xmlns="http://www.w3.org/1999/xhtml"><p><b>Generated Narrative</b></p><p><b>Planned Study Day of Visit</b>: 1</p><p><b>Study Event OID</b>: VISIT3</p><p><b>url</b>: <code>http://example.org/br-and-r/soa/ActivityDefinition/Visit3</code></p><p><b>version</b>: 0.1.0</p><p><b>status</b>: active</p><p><b>date</b>: May 5, 2021, 3:48:47 PM</p></div>
  </text>
  <extension url="http://example.org/br-and-r/soa/StructureDefinition/planned-visit-study-day">
    <valueInteger value="1"/>
  </extension>
  <extension url="http://example.org/br-and-r/soa/StructureDefinition/study-event-oid">
    <valueString value="VISIT3"/>
  </extension>
  <url value="http://example.org/br-and-r/soa/ActivityDefinition/Visit3"/>
  <version value="0.1.0"/>
  <status value="active"/>
  <date value="2021-05-05T15:48:47+00:00"/>
</ActivityDefinition>