<?xml version="1.0" encoding="UTF-8"?>

<ActivityDefinition xmlns="http://hl7.org/fhir">
  <id value="SubjectRandomizationDate"/>
  <meta>
    <profile value="http://example.org/br-and-r/soa/StructureDefinition/SOA-planned-study-activity-definition"/>
  </meta>
  <text>
    <status value="extensions"/><div xmlns="http://www.w3.org/1999/xhtml"><p><b>Generated Narrative</b></p><p><b>Study Milestone</b>: <span title="Codes: {http://ncimeta.nci.nih.gov C114209}">Subject is Randomized</span></p><p><b>Study Milestone</b>: <span title="Codes: {http://ncimeta.nci.nih.gov C161417}">Subject Entered Into Trial</span></p><p><b>url</b>: <code>http://example.org/br-and-r/soa/ActivityDefinition/SubjectRandomizationDate</code></p><p><b>version</b>: 0.1.1</p><p><b>status</b>: active</p><p><b>date</b>: May 10, 2021, 9:41:40 AM</p></div>
  </text>
  <extension url="http://example.org/br-and-r/soa/StructureDefinition/soa-study-activity-milestne">
    <valueCodeableConcept>
      <coding>
        <system value="http://ncimeta.nci.nih.gov"/>
        <code value="C114209"/>
        <display value="Subject is Randomized"/>
      </coding>
    </valueCodeableConcept>
  </extension>
  <extension url="http://example.org/br-and-r/soa/StructureDefinition/soa-study-activity-milestne">
    <valueCodeableConcept>
      <coding>
        <system value="http://ncimeta.nci.nih.gov"/>
        <code value="C161417"/>
        <display value="Subject Entered Into Trial"/>
      </coding>
    </valueCodeableConcept>
  </extension>
  <url value="http://example.org/br-and-r/soa/ActivityDefinition/SubjectRandomizationDate"/>
  <version value="0.1.1"/>
  <status value="active"/>
  <date value="2021-05-10T09:41:40+00:00"/>
</ActivityDefinition>