<?xml version="1.0" encoding="UTF-8"?>

<ActivityDefinition xmlns="http://hl7.org/fhir">
  <id value="Visit1"/>
  <meta>
    <profile value="http://example.org/br-and-r/soa/StructureDefinition/SOA-planned-visit-definition"/>
  </meta>
  <text>
    <status value="extensions"/><div xmlns="http://www.w3.org/1999/xhtml"><p><b>Generated Narrative</b></p><p><b>Study Event OID</b>: VISIT1</p><p><b>Planned Study Day of Visit</b>: -21</p><p><b>Planned Study Window of Visit</b>: -22--20</p><p><b>url</b>: <code>http://example.org/br-and-r/soa/ActivityDefinition/Visit1</code></p><p><b>version</b>: 0.1.1</p><p><b>status</b>: active</p><p><b>date</b>: May 17, 2021, 2:10:57 PM</p></div>
  </text>
  <extension url="http://example.org/br-and-r/soa/StructureDefinition/study-event-oid">
    <valueString value="VISIT1"/>
  </extension>
  <extension url="http://example.org/br-and-r/soa/StructureDefinition/planned-visit-study-day">
    <valueInteger value="-21"/>
  </extension>
  <extension url="http://example.org/br-and-r/soa/StructureDefinition/planned-visit-study-windows">
    <valueRange>
      <low>
        <value value="-22"/>
      </low>
      <high>
        <value value="-20"/>
      </high>
    </valueRange>
  </extension>
  <url value="http://example.org/br-and-r/soa/ActivityDefinition/Visit1"/>
  <version value="0.1.1"/>
  <status value="active"/>
  <date value="2021-05-17T14:10:57+00:00"/>
</ActivityDefinition>