{
  "resourceType": "Group",
  "id": "H2Q-MC-LZZT-ResearchStudy-Inclusion",
  "text": {
    "status": "generated",
    "div": "<div xmlns=\"http://www.w3.org/1999/xhtml\"><p><b>Generated Narrative</b></p><p><b>type</b>: person</p><p><b>actual</b>: false</p><blockquote><p><b>characteristic</b></p><p><b>code</b>: <span title=\"Codes: \">Males and postmenopausal females at least 50 years of age.</span></p><p><b>value</b>: true</p><p><b>exclude</b>: false</p></blockquote><blockquote><p><b>characteristic</b></p><p><b>code</b>: <span title=\"Codes: \">Diagnosis of probable AD as defined by National Institute of Neurological and Communicative Disorders and Stroke (NINCDS) and the Alzheimer’s Disease and Related Disorders Association (ADRDA) guidelines</span></p><p><b>value</b>: true</p><p><b>exclude</b>: false</p></blockquote><blockquote><p><b>characteristic</b></p><p><b>code</b>: <span title=\"Codes: \">MMSE score of 10 to 23.</span></p><p><b>value</b>: true</p><p><b>exclude</b>: false</p></blockquote><blockquote><p><b>characteristic</b></p><p><b>code</b>: <span title=\"Codes: \">Hachinski Ischemic Scale score of ≤4</span></p><p><b>value</b>: true</p><p><b>exclude</b>: false</p></blockquote><blockquote><p><b>characteristic</b></p><p><b>code</b>: <span title=\"Codes: \">CNS imaging (CT scan or MRI of brain) compatible with AD within past 1 year.</span></p><p><b>value</b>: true</p><p><b>exclude</b>: false</p></blockquote><blockquote><p><b>characteristic</b></p><p><b>code</b>: <span title=\"Codes: \">Investigator has obtained informed consent signed by the patient (and/or legal representative) and by the caregiver.</span></p><p><b>value</b>: true</p><p><b>exclude</b>: false</p></blockquote><blockquote><p><b>characteristic</b></p><p><b>code</b>: <span title=\"Codes: \">Geographic proximity to investigator’s site that allows adequate follow-up.</span></p><p><b>value</b>: true</p><p><b>exclude</b>: false</p></blockquote><blockquote><p><b>characteristic</b></p><p><b>code</b>: <span title=\"Codes: \">A reliable caregiver who is in frequent or daily contact with the patient and who will accompany the patient to the office and/or be available by telephone at designated times, will monitor administration of prescribed medications, and will be responsible for the overall care of the patient at home. The caregiver and the patient must be able to communicate in English and willing to comply with 26 weeks of transdermal therapy.</span></p><p><b>value</b>: true</p><p><b>exclude</b>: false</p></blockquote></div>"
  },
  "type": "person",
  "actual": false,
  "characteristic": [
    {
      "code": {
        "text": "Males and postmenopausal females at least 50 years of age."
      },
      "valueBoolean": true,
      "exclude": false
    },
    {
      "code": {
        "text": "Diagnosis of probable AD as defined by National Institute of Neurological and Communicative Disorders and Stroke (NINCDS) and the Alzheimer’s Disease and Related Disorders Association (ADRDA) guidelines"
      },
      "valueBoolean": true,
      "exclude": false
    },
    {
      "code": {
        "text": "MMSE score of 10 to 23."
      },
      "valueBoolean": true,
      "exclude": false
    },
    {
      "code": {
        "text": "Hachinski Ischemic Scale score of ≤4"
      },
      "valueBoolean": true,
      "exclude": false
    },
    {
      "code": {
        "text": "CNS imaging (CT scan or MRI of brain) compatible with AD within past 1 year."
      },
      "valueBoolean": true,
      "exclude": false
    },
    {
      "code": {
        "text": "Investigator has obtained informed consent signed by the patient (and/or legal representative) and by the caregiver."
      },
      "valueBoolean": true,
      "exclude": false
    },
    {
      "code": {
        "text": "Geographic proximity to investigator’s site that allows adequate follow-up."
      },
      "valueBoolean": true,
      "exclude": false
    },
    {
      "code": {
        "text": "A reliable caregiver who is in frequent or daily contact with the patient and who will accompany the patient to the office and/or be available by telephone at designated times, will monitor administration of prescribed medications, and will be responsible for the overall care of the patient at home. The caregiver and the patient must be able to communicate in English and willing to comply with 26 weeks of transdermal therapy."
      },
      "valueBoolean": true,
      "exclude": false
    }
  ]
}