<?xml version="1.0" encoding="UTF-8"?>

<PlanDefinition xmlns="http://hl7.org/fhir">
  <id value="H2Q-MC-LZZT-Study-Visit-6"/>
  <meta>
    <profile value="http://example.org/br-and-r/soa/StructureDefinition/SOA-PlanDefinition"/>
  </meta>
  <text>
    <status value="extensions"/><div xmlns="http://www.w3.org/1999/xhtml"><p><b>Generated Narrative</b></p><p><b>Planned Study Day of Visit</b>: 28</p><p><b>url</b>: <code>http://example.org/br-and-r/soa/PlanDefinition/H2Q-MC-LZZT-Study-Visit-6</code></p><p><b>identifier</b>: id: VISIT-6</p><p><b>version</b>: 0.1.0</p><p><b>status</b>: active</p><p><b>date</b>: Apr 9, 2021, 11:39:21 AM</p><h3>Actions</h3><table class="grid"><tr><td>-</td><td><b>Title</b></td><td><b>Definition[x]</b></td></tr><tr><td>*</td><td>Visit</td><td><code>ActivityDefinition/H2Q-MC-LZZT-Visit</code></td></tr></table></div>
  </text>
  <extension url="http://example.org/br-and-r/soa/StructureDefinition/planned-visit-study-day">
    <valueInteger value="28"/>
  </extension>
  <url value="http://example.org/br-and-r/soa/PlanDefinition/H2Q-MC-LZZT-Study-Visit-6"/>
  <identifier>
    <value value="VISIT-6"/>
  </identifier>
  <version value="0.1.0"/>
  <status value="active"/>
  <date value="2021-04-09T11:39:21+00:00"/>
  <action>
    <title value="Visit"/>
    <definitionUri value="ActivityDefinition/H2Q-MC-LZZT-Visit"/>
  </action>
</PlanDefinition>