<?xml version="1.0" encoding="UTF-8"?>

<PlanDefinition xmlns="http://hl7.org/fhir">
  <id value="H2Q-MC-LZZT-Study-RT-15"/>
  <meta>
    <profile value="http://example.org/br-and-r/soa/StructureDefinition/SOA-PlanDefinition"/>
  </meta>
  <text>
    <status value="extensions"/><div xmlns="http://www.w3.org/1999/xhtml"><p><b>Generated Narrative</b></p><p><b>Planned Study Day of Visit</b>: 0</p><p><b>url</b>: <code>http://example.org/br-and-r/soa/PlanDefinition/H2Q-MC-LZZT-Study-RT-15</code></p><p><b>identifier</b>: PLAC: RT-15 (USUAL), OID: SE.RETRIEVAL_TERM_VISIT (SECONDARY)</p><p><b>version</b>: 0.1.1</p><p><b>status</b>: active</p><p><b>date</b>: May 26, 2021, 2:42:20 PM</p><blockquote><p><b>action</b></p><p><b>title</b>: Record Visit Date</p><p><b>definition</b>: <code>ActivityDefinition/H2Q-MC-LZZT-Visit-Date</code></p></blockquote><blockquote><p><b>action</b></p><p><b>title</b>: RT</p><p><b>definition</b>: <code>ActivityDefinition/H2Q-MC-LZZT-RT</code></p></blockquote><blockquote><p><b>action</b></p><p><b>title</b>: Vital signs/Temperature </p><p><b>definition</b>: <code>ActivityDefinition/H2Q-MC-LZZT-Vital-signs/Temperature</code></p></blockquote><blockquote><p><b>action</b></p><p><b>title</b>: Concomitant Medications </p><p><b>definition</b>: <code>ActivityDefinition/H2Q-MC-LZZT-Concomitant-Medications</code></p></blockquote><blockquote><p><b>action</b></p><p><b>title</b>: ADAS-Cog </p><p><b>definition</b>: <code>ActivityDefinition/H2Q-MC-LZZT-ADAS-Cog</code></p></blockquote><blockquote><p><b>action</b></p><p><b>title</b>: CIBIC+ </p><p><b>definition</b>: <code>ActivityDefinition/H2Q-MC-LZZT-CIBIC+</code></p></blockquote><blockquote><p><b>action</b></p><p><b>title</b>: DAD </p><p><b>definition</b>: <code>ActivityDefinition/H2Q-MC-LZZT-DAD</code></p></blockquote><blockquote><p><b>action</b></p><p><b>title</b>: NPI-X </p><p><b>definition</b>: <code>ActivityDefinition/H2Q-MC-LZZT-NPI-X</code></p></blockquote><blockquote><p><b>action</b></p><p><b>title</b>: Adverse events </p><p><b>definition</b>: <code>ActivityDefinition/H2Q-MC-LZZT-Adverse-events</code></p></blockquote></div>
  </text>
  <extension url="http://example.org/br-and-r/soa/StructureDefinition/planned-visit-study-day">
    <valueInteger value="0"/>
  </extension>
  <url value="http://example.org/br-and-r/soa/PlanDefinition/H2Q-MC-LZZT-Study-RT-15"/>
  <identifier>
    <use value="usual"/>
    <type>
      <coding>
        <code value="PLAC"/>
      </coding>
    </type>
    <value value="RT-15"/>
  </identifier>
  <identifier>
    <use value="secondary"/>
    <type>
      <coding>
        <system value="http://www.cdisc.org/ns/odm/v1.3#"/>
        <display value="OID"/>
      </coding>
    </type>
    <system value="http://www.cdisc.org/ns/odm/v1.3/StudyDef#"/>
    <value value="SE.RETRIEVAL_TERM_VISIT"/>
  </identifier>
  <version value="0.1.1"/>
  <status value="active"/>
  <date value="2021-05-26T14:42:20+00:00"/>
  <action>
    <title value="Record Visit Date"/>
    <definitionUri value="ActivityDefinition/H2Q-MC-LZZT-Visit-Date"/>
  </action>
  <action>
    <title value="RT"/>
    <definitionUri value="ActivityDefinition/H2Q-MC-LZZT-RT"/>
  </action>
  <action>
    <title value="Vital signs/Temperature "/>
    <definitionUri value="ActivityDefinition/H2Q-MC-LZZT-Vital-signs/Temperature"/>
  </action>
  <action>
    <title value="Concomitant Medications "/>
    <definitionUri value="ActivityDefinition/H2Q-MC-LZZT-Concomitant-Medications"/>
  </action>
  <action>
    <title value="ADAS-Cog "/>
    <definitionUri value="ActivityDefinition/H2Q-MC-LZZT-ADAS-Cog"/>
  </action>
  <action>
    <title value="CIBIC+ "/>
    <definitionUri value="ActivityDefinition/H2Q-MC-LZZT-CIBIC+"/>
  </action>
  <action>
    <title value="DAD "/>
    <definitionUri value="ActivityDefinition/H2Q-MC-LZZT-DAD"/>
  </action>
  <action>
    <title value="NPI-X "/>
    <definitionUri value="ActivityDefinition/H2Q-MC-LZZT-NPI-X"/>
  </action>
  <action>
    <title value="Adverse events "/>
    <definitionUri value="ActivityDefinition/H2Q-MC-LZZT-Adverse-events"/>
  </action>
</PlanDefinition>