<?xml version="1.0" encoding="UTF-8"?>

<PlanDefinition xmlns="http://hl7.org/fhir">
  <id value="H2Q-MC-LZZT-Study-Visit-2"/>
  <meta>
    <profile value="http://example.org/br-and-r/soa/StructureDefinition/SOA-PlanDefinition"/>
  </meta>
  <text>
    <status value="extensions"/><div xmlns="http://www.w3.org/1999/xhtml"><p><b>Generated Narrative</b></p><p><b>Planned Study Day of Visit</b>: 0</p><p><b>url</b>: <code>http://example.org/br-and-r/soa/PlanDefinition/H2Q-MC-LZZT-Study-Visit-2</code></p><p><b>identifier</b>: PLAC: VISIT-2 (USUAL), OID: SE.AMB_ECG_VISIT (SECONDARY)</p><p><b>version</b>: 0.1.1</p><p><b>status</b>: active</p><p><b>date</b>: May 17, 2021, 2:10:57 PM</p><blockquote><p><b>action</b></p><p><b>title</b>: Record Visit Date</p><p><b>definition</b>: <code>ActivityDefinition/H2Q-MC-LZZT-Visit-Date</code></p></blockquote><blockquote><p><b>action</b></p><p><b>title</b>: Vital signs/Temperature </p><p><b>definition</b>: <code>ActivityDefinition/H2Q-MC-LZZT-Vital-signs/Temperature</code></p></blockquote><blockquote><p><b>action</b></p><p><b>title</b>: Ambulatory ECG placed </p><p><b>definition</b>: <code>ActivityDefinition/H2Q-MC-LZZT-Ambulatory-ECG-placed</code></p></blockquote><blockquote><p><b>action</b></p><p><b>title</b>: Adverse events </p><p><b>definition</b>: <code>ActivityDefinition/H2Q-MC-LZZT-Adverse-events</code></p></blockquote></div>
  </text>
  <extension url="http://example.org/br-and-r/soa/StructureDefinition/planned-visit-study-day">
    <valueInteger value="0"/>
  </extension>
  <url value="http://example.org/br-and-r/soa/PlanDefinition/H2Q-MC-LZZT-Study-Visit-2"/>
  <identifier>
    <use value="usual"/>
    <type>
      <coding>
        <code value="PLAC"/>
      </coding>
    </type>
    <value value="VISIT-2"/>
  </identifier>
  <identifier>
    <use value="secondary"/>
    <type>
      <coding>
        <system value="http://www.cdisc.org/ns/odm/v1.3#"/>
        <display value="OID"/>
      </coding>
    </type>
    <system value="http://www.cdisc.org/ns/odm/v1.3/StudyDef#"/>
    <value value="SE.AMB_ECG_VISIT"/>
  </identifier>
  <version value="0.1.1"/>
  <status value="active"/>
  <date value="2021-05-17T14:10:57+00:00"/>
  <action>
    <title value="Record Visit Date"/>
    <definitionUri value="ActivityDefinition/H2Q-MC-LZZT-Visit-Date"/>
  </action>
  <action>
    <title value="Vital signs/Temperature "/>
    <definitionUri value="ActivityDefinition/H2Q-MC-LZZT-Vital-signs/Temperature"/>
  </action>
  <action>
    <title value="Ambulatory ECG placed "/>
    <definitionUri value="ActivityDefinition/H2Q-MC-LZZT-Ambulatory-ECG-placed"/>
  </action>
  <action>
    <title value="Adverse events "/>
    <definitionUri value="ActivityDefinition/H2Q-MC-LZZT-Adverse-events"/>
  </action>
</PlanDefinition>