<?xml version="1.0" encoding="UTF-8"?>

<PlanDefinition xmlns="http://hl7.org/fhir">
  <id value="VitalSigns"/>
  <text>
    <status value="generated"/><div xmlns="http://www.w3.org/1999/xhtml"><p><b>Generated Narrative</b></p><p><b>url</b>: <code>http://example.org/br-and-r/soa/PlanDefinition/VitalSigns</code></p><p><b>version</b>: 0.1.0</p><p><b>status</b>: active</p><p><b>date</b>: Apr 9, 2021, 11:39:21 AM</p><blockquote><p><b>action</b></p><p><b>title</b>: Blood Pressure</p><h3>Actions</h3><table class="grid"><tr><td>-</td><td><b>Title</b></td><td><b>Definition[x]</b></td></tr><tr><td>*</td><td>Systolic Blood Pressure</td><td><code>ActivityDefinition/SYSBP</code></td></tr><tr><td>*</td><td>Diastolic Blood Pressure</td><td><code>ActivityDefinition/DIABP</code></td></tr></table></blockquote><blockquote><p><b>action</b></p><p><b>title</b>: Pulse</p><h3>Actions</h3><table class="grid"><tr><td>-</td><td><b>Title</b></td><td><b>Definition[x]</b></td></tr><tr><td>*</td><td>Pulse Rate</td><td><code>ActivityDefinition/PULSE</code></td></tr></table></blockquote></div>
  </text>
  <url value="http://example.org/br-and-r/soa/PlanDefinition/VitalSigns"/>
  <version value="0.1.0"/>
  <status value="active"/>
  <date value="2021-04-09T11:39:21+00:00"/>
  <action>
    <title value="Blood Pressure"/>
    <action>
      <title value="Systolic Blood Pressure"/>
      <definitionUri value="ActivityDefinition/SYSBP"/>
    </action>
    <action>
      <title value="Diastolic Blood Pressure"/>
      <definitionUri value="ActivityDefinition/DIABP"/>
    </action>
  </action>
  <action>
    <title value="Pulse"/>
    <action>
      <title value="Pulse Rate"/>
      <definitionUri value="ActivityDefinition/PULSE"/>
    </action>
  </action>
</PlanDefinition>