{
  "resourceType": "PlanDefinition",
  "id": "ScreeningEpoch",
  "meta": {
    "profile": [
      "http://example.org/br-and-r/soa/StructureDefinition/SOA-epoch-definition"
    ]
  },
  "text": {
    "status": "extensions",
    "div": "<div xmlns=\"http://www.w3.org/1999/xhtml\"><p><b>Generated Narrative</b></p><p><b>Epoch Type</b>: <span title=\"Codes: {http://ncimeta.nci.nih.gov C48262}\">SCREENING</span></p><p><b>url</b>: <code>http://example.org/br-and-r/soa/PlanDefinition/ScreeningEpoch</code></p><p><b>version</b>: 0.1.1</p><p><b>status</b>: active</p><p><b>date</b>: May 10, 2021, 9:41:40 AM</p></div>"
  },
  "extension": [
    {
      "url": "http://example.org/br-and-r/soa/StructureDefinition/soa-epoch-epochtype",
      "valueCodeableConcept": {
        "coding": [
          {
            "system": "http://ncimeta.nci.nih.gov",
            "code": "C48262",
            "display": "SCREENING"
          }
        ]
      }
    }
  ],
  "url": "http://example.org/br-and-r/soa/PlanDefinition/ScreeningEpoch",
  "version": "0.1.1",
  "status": "active",
  "date": "2021-05-10T09:41:40+00:00"
}