<?xml version="1.0" encoding="UTF-8"?>

<PlanDefinition xmlns="http://hl7.org/fhir">
  <id value="LZZT-Study-Definition"/>
  <meta>
    <profile value="http://example.org/br-and-r/soa/StructureDefinition/SOA-study-definition"/>
  </meta>
  <text>
    <status value="generated"/><div xmlns="http://www.w3.org/1999/xhtml"><p><b>Generated Narrative</b></p><p><b>url</b>: <code>http://example.org/br-and-r/soa/PlanDefinition/LZZT-Study-Definition</code></p><p><b>version</b>: 0.1.0</p><p><b>status</b>: active</p><p><b>date</b>: Apr 9, 2021, 11:39:21 AM</p></div>
  </text>
  <url value="http://example.org/br-and-r/soa/PlanDefinition/LZZT-Study-Definition"/>
  <version value="0.1.0"/>
  <status value="active"/>
  <date value="2021-04-09T11:39:21+00:00"/>
</PlanDefinition>