<?xml version="1.0" encoding="UTF-8"?>

<ValueSet xmlns="http://hl7.org/fhir">
  <id value="soa-epoch-epochtype-value-set"/>
  <text>
    <status value="generated"/><div xmlns="http://www.w3.org/1999/xhtml"><ul><li>Include codes from <a href="http://ncimeta.nci.nih.gov"><code>http://ncimeta.nci.nih.gov</code></a> where concept  is-a  C99079</li></ul></div>
  </text>
  <url value="http://example.org/br-and-r/soa/ValueSet/soa-epoch-epochtype-value-set"/>
  <version value="0.1.0"/>
  <name value="SOAEpochTypes"/>
  <title value="Epoch Type Value Set"/>
  <status value="active"/>
  <date value="2021-04-09T11:39:21+00:00"/>
  <description value="Set of permitted values for Epoch"/>
  <compose>
    <include>
      <system value="http://ncimeta.nci.nih.gov"/>
      <filter>
        <property value="concept"/>
        <op value="is-a"/>
        <value value="C99079"/>
      </filter>
    </include>
  </compose>
</ValueSet>