{"resourceType":"ActivityDefinition","id":"H2Q-MC-LZZT-Hachinski-4","url":"http://example.org/br-and-r/soa/ActivityDefinition/H2Q-MC-LZZT-Hachinski-4","identifier":[{"type":{"coding":[{"system":"http://www.cdisc.org/ns/odm/v1.3#","display":"OID"}]},"system":"http://www.cdisc.org/ns/odm/v1.3/FormDef#","value":"F.MHIS-NACC"}],"version":"0.1.1","status":"active","date":"2021-05-26T14:42:20+00:00","observationRequirement":[{"reference":"Hachinski-4-Observations"}],"observationResultRequirement":[{"reference":"Hachinski-4-Observations"}]}