{"resourceType":"ActivityDefinition","id":"H2Q-MC-LZZT-Chest-x-ray","url":"http://example.org/br-and-r/soa/ActivityDefinition/H2Q-MC-LZZT-Chest-x-ray","identifier":[{"use":"secondary","type":{"coding":[{"system":"http://www.cdisc.org/ns/odm/v1.3#","display":"OID"}]},"system":"http://www.cdisc.org/ns/odm/v1.3/FormDef#","value":"F.PR_CHESTXRAY"}],"version":"0.1.1","status":"active","date":"2021-05-26T14:52:13+00:00","observationRequirement":[{"reference":"Chest-x-ray-Observations"}],"observationResultRequirement":[{"reference":"Chest-x-ray-Observations"}]}