{"resourceType":"ActivityDefinition","id":"H2Q-MC-LZZT-Ambulatory-ECG-placed","url":"http://example.org/br-and-r/soa/ActivityDefinition/H2Q-MC-LZZT-Ambulatory-ECG-placed","identifier":[{"type":{"coding":[{"system":"http://www.cdisc.org/ns/odm/v1.3#","display":"OID"}]},"system":"http://www.cdisc.org/ns/odm/v1.3/FormDef#","value":"F.PR_ECG_2"}],"version":"0.1.1","status":"active","date":"2021-05-18T13:05:31+00:00","observationRequirement":[{"reference":"Ambulatory-ECG-placed-Observations"}],"observationResultRequirement":[{"reference":"Ambulatory-ECG-placed-Observations"}]}