{"resourceType":"ActivityDefinition","id":"H2Q-MC-LZZT-Habits-Smoking","url":"http://example.org/br-and-r/soa/ActivityDefinition/H2Q-MC-LZZT-Habits-Smoking","identifier":[{"type":{"coding":[{"system":"http://www.cdisc.org/ns/odm/v1.3#","display":"OID"}]},"system":"http://www.cdisc.org/ns/odm/v1.3/FormDef#","value":"F.SU_SMOKING"}],"version":"0.1.1","status":"active","date":"2021-05-18T13:05:31+00:00","observationRequirement":[{"reference":"Habits-Observations-Smoking"}],"observationResultRequirement":[{"reference":"Habits-Observations-Smoking"}]}