{"resourceType":"ActivityDefinition","id":"H2Q-MC-LZZT-Concomitant-Medications","url":"http://example.org/br-and-r/soa/ActivityDefinition/H2Q-MC-LZZT-Concomitant-Medications","identifier":[{"type":{"coding":[{"system":"http://www.cdisc.org/ns/odm/v1.3#","display":"OID"}]},"system":"http://www.cdisc.org/ns/odm/v1.3/FormDef#","value":"F.CM_1"}],"version":"0.1.1","status":"active","date":"2021-05-26T14:42:20+00:00","observationRequirement":[{"reference":"Concomitant-Medications-Observations"}],"observationResultRequirement":[{"reference":"Concomitant-Medications-Observations"}]}