{"resourceType":"ActivityDefinition","id":"Visit3","meta":{"profile":["http://example.org/br-and-r/soa/StructureDefinition/SOA-planned-visit-definition"]},"extension":[{"url":"http://example.org/br-and-r/soa/StructureDefinition/planned-visit-study-day","valueInteger":1},{"url":"http://example.org/br-and-r/soa/StructureDefinition/study-event-oid","valueString":"VISIT3"}],"url":"http://example.org/br-and-r/soa/ActivityDefinition/Visit3","version":"0.1.1","status":"active","date":"2021-05-17T14:10:57+00:00"}