{"resourceType":"ActivityDefinition","id":"H2Q-MC-LZZT-MMSE-10-23","url":"http://example.org/br-and-r/soa/ActivityDefinition/H2Q-MC-LZZT-MMSE-10-23","identifier":[{"type":{"coding":[{"system":"http://www.cdisc.org/ns/odm/v1.3#","display":"OID"}]},"system":"http://www.cdisc.org/ns/odm/v1.3/FormDef#","value":"F.MMSE"}],"version":"0.1.1","status":"active","date":"2021-05-26T14:52:13+00:00","observationRequirement":[{"reference":"MMSE-10-23-Observations"}],"observationResultRequirement":[{"reference":"MMSE-10-23-Observations"}]}