{"resourceType":"ActivityDefinition","id":"Visit1","meta":{"profile":["http://example.org/br-and-r/soa/StructureDefinition/SOA-planned-visit-definition"]},"extension":[{"url":"http://example.org/br-and-r/soa/StructureDefinition/study-event-oid","valueString":"VISIT1"},{"url":"http://example.org/br-and-r/soa/StructureDefinition/planned-visit-study-day","valueInteger":-21},{"url":"http://example.org/br-and-r/soa/StructureDefinition/planned-visit-study-windows","valueRange":{"low":{"value":-22},"high":{"value":-20}}}],"url":"http://example.org/br-and-r/soa/ActivityDefinition/Visit1","version":"0.1.1","status":"active","date":"2021-05-10T09:41:40+00:00"}