{"resourceType":"ActivityDefinition","id":"H2Q-MC-LZZT-Adverse-events","url":"http://example.org/br-and-r/soa/ActivityDefinition/H2Q-MC-LZZT-Adverse-events","identifier":[{"use":"secondary","type":{"coding":[{"system":"http://www.cdisc.org/ns/odm/v1.3#","display":"OID"}]},"system":"http://www.cdisc.org/ns/odm/v1.3/FormDef#","value":"F.AE_1"}],"version":"0.1.1","status":"active","date":"2021-05-26T14:42:20+00:00","observationRequirement":[{"reference":"Adverse-events-Observations"}],"observationResultRequirement":[{"reference":"Adverse-events-Observations"}]}