{"resourceType":"ActivityDefinition","id":"Visit2","meta":{"profile":["http://example.org/br-and-r/soa/StructureDefinition/SOA-planned-visit-definition"]},"extension":[{"url":"http://example.org/br-and-r/soa/StructureDefinition/study-event-oid","valueString":"VISIT2"},{"url":"http://example.org/br-and-r/soa/StructureDefinition/planned-visit-study-day","valueInteger":-1}],"url":"http://example.org/br-and-r/soa/ActivityDefinition/Visit2","version":"0.1.1","status":"active","date":"2021-05-17T21:11:23+00:00"}