{"resourceType":"ActivityDefinition","id":"H2Q-MC-LZZT-Informed-Consent","url":"http://example.org/br-and-r/soa/ActivityDefinition/H2Q-MC-LZZT-Informed-Consent","identifier":[{"type":{"coding":[{"system":"http://www.cdisc.org/ns/odm/v1.3#","display":"OID"}]},"system":"http://www.cdisc.org/ns/odm/v1.3/FormDef#","value":"F.DS_IC"}],"version":"0.1.1","status":"active","date":"2021-05-26T14:52:13+00:00","observationRequirement":[{"reference":"Informed-Consent-Observations"}],"observationResultRequirement":[{"reference":"Informed-Consent-Observations"}]}