{"resourceType":"ActivityDefinition","id":"Visit3","meta":{"profile":["http://example.org/br-and-r/soa/StructureDefinition/SOA-planned-visit-definition"]},"extension":[{"url":"http://example.org/br-and-r/soa/StructureDefinition/planned-visit-study-day","valueInteger":1},{"url":"http://example.org/br-and-r/soa/StructureDefinition/study-event-oid","valueString":"VISIT3"}],"url":"http://example.org/br-and-r/soa/ActivityDefinition/Visit3","version":"0.1.0","status":"active","date":"2021-05-05T15:48:47+00:00"}