{"resourceType":"ActivityDefinition","id":"H2Q-MC-LZZT-CT-Scan","url":"http://example.org/br-and-r/soa/ActivityDefinition/H2Q-MC-LZZT-CT-Scan","identifier":[{"type":{"coding":[{"system":"http://www.cdisc.org/ns/odm/v1.3#","display":"OID"}]},"system":"http://www.cdisc.org/ns/odm/v1.3/FormDef#","value":"F.PR_CTSCAN"}],"version":"0.1.1","status":"active","date":"2021-05-18T13:05:31+00:00","observationRequirement":[{"reference":"CT-Scan-Observations"}],"observationResultRequirement":[{"reference":"CT-Scan-Observations"}]}