{"resourceType":"ActivityDefinition","id":"H2Q-MC-LZZT-Medications-dispensed","url":"http://example.org/br-and-r/soa/ActivityDefinition/H2Q-MC-LZZT-Medications-dispensed","identifier":[{"use":"secondary","type":{"coding":[{"system":"http://www.cdisc.org/ns/odm/v1.3#","display":"OID"}]},"system":"http://www.cdisc.org/ns/odm/v1.3/FormDef#","value":"F.EX_1"}],"version":"0.1.1","status":"active","date":"2021-05-26T14:52:13+00:00","observationRequirement":[{"reference":"Medications-dispensed-Observations"}],"observationResultRequirement":[{"reference":"Medications-dispensed-Observations"}]}