{"resourceType":"ActivityDefinition","id":"H2Q-MC-LZZT-Vitalsigns-Temperature","meta":{"profile":["http://example.org/br-and-r/soa/StructureDefinition/SOA-planned-study-activity-definition"]},"url":"http://example.org/br-and-r/soa/ActivityDefinition/H2Q-MC-LZZT-Vitalsigns-Temperature","identifier":[{"use":"usual","type":{"coding":[{"code":"PLAC"}]},"value":"Temperature Measurement"},{"use":"secondary","type":{"coding":[{"system":"http://www.cdisc.org/ns/odm/v1.3#","display":"OID"}],"text":"OID"},"system":"http://www.cdisc.org/ns/odm/v1.3/StudyDef#","value":"I.TEMP"}],"version":"0.1.1","status":"active","date":"2021-05-26T14:52:13+00:00","code":{"coding":[{"system":"http://snomed.info/sct","code":"56342008","display":"Temperature taking (procedure)"}]},"bodySite":[{"coding":[{"system":"http://snomed.info/sct","code":"74262004","display":"Oral cavity"},{"system":"http://snomed.info/sct","code":"34402009","display":"Rectum"},{"system":"http://snomed.info/sct","code":"91470000","display":"Axilla"},{"system":"http://snomed.info/sct","code":"42859004","display":"Tympanic membrane structure"}]}]}