{"resourceType":"ActivityDefinition","id":"H2Q-MC-LZZT-Medical-History","url":"http://example.org/br-and-r/soa/ActivityDefinition/H2Q-MC-LZZT-Medical-History","identifier":[{"use":"secondary","type":{"coding":[{"system":"http://www.cdisc.org/ns/odm/v1.3#","display":"OID"}]},"system":"http://www.cdisc.org/ns/odm/v1.3/FormDef#","value":"F.MH_1"}],"version":"0.1.1","status":"active","date":"2021-05-26T14:52:13+00:00","observationRequirement":[{"reference":"Medical-History-Observations"}],"observationResultRequirement":[{"reference":"Medical-History-Observations"}]}