{"resourceType":"ActivityDefinition","id":"SubjectRandomizationDate","meta":{"profile":["http://example.org/br-and-r/soa/StructureDefinition/SOA-planned-study-activity-definition"]},"extension":[{"url":"http://example.org/br-and-r/soa/StructureDefinition/soa-study-activity-milestne","valueCodeableConcept":{"coding":[{"system":"http://ncimeta.nci.nih.gov","code":"C114209","display":"Subject is Randomized"}]}},{"url":"http://example.org/br-and-r/soa/StructureDefinition/soa-study-activity-milestne","valueCodeableConcept":{"coding":[{"system":"http://ncimeta.nci.nih.gov","code":"C161417","display":"Subject Entered Into Trial"}]}}],"url":"http://example.org/br-and-r/soa/ActivityDefinition/SubjectRandomizationDate","version":"0.1.1","status":"active","date":"2021-05-17T21:11:23+00:00"}