{"resourceType":"ImplementationGuide","id":"fhir.example.brandr.soa","text":{"status":"extensions","div":"<div xmlns=\"http://www.w3.org/1999/xhtml\"><h2>ScheduleOfActivityIG</h2><p>The official URL for this implementation guide is: </p><pre>http://example.org/br-and-r/soa/ImplementationGuide/fhir.example.brandr.soa</pre></div>"},"url":"http://example.org/br-and-r/soa/ImplementationGuide/fhir.example.brandr.soa","version":"0.1.1","name":"ScheduleOfActivityIG","status":"draft","date":"2021-05-26T14:52:13+00:00","packageId":"fhir.example.brandr.soa","license":"CC0-1.0","fhirVersion":["4.0.1"],"definition":{"extension":[{"extension":[{"url":"code","valueString":"copyrightyear"},{"url":"value","valueString":"2020+"}],"url":"http://hl7.org/fhir/tools/StructureDefinition/ig-parameter"},{"extension":[{"url":"code","valueString":"releaselabel"},{"url":"value","valueString":"ci-build"}],"url":"http://hl7.org/fhir/tools/StructureDefinition/ig-parameter"},{"extension":[{"url":"code","valueString":"path-liquid"},{"url":"value","valueString":"template/liquid"}],"url":"http://hl7.org/fhir/tools/StructureDefinition/ig-parameter"},{"extension":[{"url":"code","valueString":"path-liquid"},{"url":"value","valueString":"input/liquid"}],"url":"http://hl7.org/fhir/tools/StructureDefinition/ig-parameter"},{"extension":[{"url":"code","valueString":"path-qa"},{"url":"value","valueString":"temp/qa"}],"url":"http://hl7.org/fhir/tools/StructureDefinition/ig-parameter"},{"extension":[{"url":"code","valueString":"path-temp"},{"url":"value","valueString":"temp/pages"}],"url":"http://hl7.org/fhir/tools/StructureDefinition/ig-parameter"},{"extension":[{"url":"code","valueString":"path-output"},{"url":"value","valueString":"output"}],"url":"http://hl7.org/fhir/tools/StructureDefinition/ig-parameter"},{"extension":[{"url":"code","valueString":"path-suppressed-warnings"},{"url":"value","valueString":"input/ignoreWarnings.txt"}],"url":"http://hl7.org/fhir/tools/StructureDefinition/ig-parameter"},{"extension":[{"url":"code","valueString":"path-history"},{"url":"value","valueString":"http://example.org/br-and-r/soa/history.html"}],"url":"http://hl7.org/fhir/tools/StructureDefinition/ig-parameter"},{"extension":[{"url":"code","valueString":"template-html"},{"url":"value","valueString":"template-page.html"}],"url":"http://hl7.org/fhir/tools/StructureDefinition/ig-parameter"},{"extension":[{"url":"code","valueString":"template-md"},{"url":"value","valueString":"template-page-md.html"}],"url":"http://hl7.org/fhir/tools/StructureDefinition/ig-parameter"},{"extension":[{"url":"code","valueString":"apply-contact"},{"url":"value","valueString":"true"}],"url":"http://hl7.org/fhir/tools/StructureDefinition/ig-parameter"},{"extension":[{"url":"code","valueString":"apply-context"},{"url":"value","valueString":"true"}],"url":"http://hl7.org/fhir/tools/StructureDefinition/ig-parameter"},{"extension":[{"url":"code","valueString":"apply-copyright"},{"url":"value","valueString":"true"}],"url":"http://hl7.org/fhir/tools/StructureDefinition/ig-parameter"},{"extension":[{"url":"code","valueString":"apply-jurisdiction"},{"url":"value","valueString":"true"}],"url":"http://hl7.org/fhir/tools/StructureDefinition/ig-parameter"},{"extension":[{"url":"code","valueString":"apply-license"},{"url":"value","valueString":"true"}],"url":"http://hl7.org/fhir/tools/StructureDefinition/ig-parameter"},{"extension":[{"url":"code","valueString":"apply-publisher"},{"url":"value","valueString":"true"}],"url":"http://hl7.org/fhir/tools/StructureDefinition/ig-parameter"},{"extension":[{"url":"code","valueString":"apply-version"},{"url":"value","valueString":"true"}],"url":"http://hl7.org/fhir/tools/StructureDefinition/ig-parameter"},{"extension":[{"url":"code","valueString":"active-tables"},{"url":"value","valueString":"true"}],"url":"http://hl7.org/fhir/tools/StructureDefinition/ig-parameter"}],"grouping":[{"id":"H2Q-MC-LZZT-Design","name":"H2Q-MC-LZZT Study Design Resources","description":"Example Design Instances for H2Q-MC-LZZT"},{"id":"H2Q-MC-LZZT-Actors","name":"H2Q-MC-LZZT Study Actors","description":"Study Actors"},{"id":"H2Q-MC-LZZT-Activities","name":"H2Q-MC-LZZT Study Activities","description":"Study Activities"},{"id":"H2Q-MC-LZZT-Observations","name":"H2Q-MC-LZZT Study Observations","description":"Study Observations"},{"id":"Deliverables","name":"Deliverables","description":"Deliverables for H2Q-MC-LZZT"},{"id":"-str-profile","name":"Structures: Resource Profiles","description":"These define constraints on FHIR resources for systems conforming to this implementation guide"},{"id":"-str-extension","name":"Structures: Extension Definitions","description":"These define constraints on FHIR data types for systems conforming to this implementation guide"},{"id":"-term-valueset","name":"Terminology: Value Sets","description":"These define sets of codes used by systems conforming to this implementation guide"},{"id":"-ex-example","name":"Example: Example Instances","description":"These are example instances that show what data produced and consumed by systems conforming with this implementation guide might look like"}],"resource":[{"extension":[{"url":"http://hl7.org/fhir/StructureDefinition/implementationguide-page","valueUri":"StructureDefinition-ResearchStudy-Inclusion-Exclusion.html"}],"reference":{"reference":"StructureDefinition/ResearchStudy-Inclusion-Exclusion"},"name":"Research Study Inclusion Exclusion","description":"Research Study Inclusion Exclusion Criteria","exampleBoolean":false,"groupingId":"-str-profile"},{"extension":[{"url":"http://hl7.org/fhir/StructureDefinition/implementationguide-page","valueUri":"StructureDefinition-SOA-armgroup-definition.html"}],"reference":{"reference":"StructureDefinition/SOA-armgroup-definition"},"name":"SOA Arm Definition","description":"Extension to define a Arm Group for a Research Study","exampleBoolean":false,"groupingId":"-str-profile"},{"extension":[{"url":"http://hl7.org/fhir/StructureDefinition/implementationguide-page","valueUri":"StructureDefinition-SOA-epoch-definition.html"}],"reference":{"reference":"StructureDefinition/SOA-epoch-definition"},"name":"SOA Epoch Defintion","description":"An example of a study epoch definition for the study.","exampleBoolean":false,"groupingId":"-str-profile"},{"extension":[{"url":"http://hl7.org/fhir/StructureDefinition/implementationguide-page","valueUri":"StructureDefinition-SOA-PlanDefinition.html"}],"reference":{"reference":"StructureDefinition/SOA-PlanDefinition"},"name":"SOA PlanDefinition","description":"Schedule of Activities PlanDefinition Extensions","exampleBoolean":false,"groupingId":"-str-profile"},{"extension":[{"url":"http://hl7.org/fhir/StructureDefinition/implementationguide-page","valueUri":"StructureDefinition-SOA-planned-visit-definition.html"}],"reference":{"reference":"StructureDefinition/SOA-planned-visit-definition"},"name":"SOA Planned Visit Definition","description":"An example of a planned visit definition for the study.","exampleBoolean":false,"groupingId":"-str-profile"},{"extension":[{"url":"http://hl7.org/fhir/StructureDefinition/implementationguide-page","valueUri":"StructureDefinition-SOA-protocol-plan-definition.html"}],"reference":{"reference":"StructureDefinition/SOA-protocol-plan-definition"},"name":"SOA Protocol Plan Defintion","description":"A profile on the plan definition resource to define the events in a protocol.","exampleBoolean":false,"groupingId":"-str-profile"},{"extension":[{"url":"http://hl7.org/fhir/StructureDefinition/implementationguide-page","valueUri":"StructureDefinition-SOA-planned-study-activity-definition.html"}],"reference":{"reference":"StructureDefinition/SOA-planned-study-activity-definition"},"name":"SOA Planned Study Activity Definition","description":"Planned Study Activity Definition that allows tagging of milestones","exampleBoolean":false,"groupingId":"-str-profile"},{"extension":[{"url":"http://hl7.org/fhir/StructureDefinition/implementationguide-page","valueUri":"StructureDefinition-SOA-study-definition.html"}],"reference":{"reference":"StructureDefinition/SOA-study-definition"},"name":"SOA Study Defintion","description":"An example of the plan definition for the study.","exampleBoolean":false,"groupingId":"-str-profile"},{"extension":[{"url":"http://hl7.org/fhir/StructureDefinition/implementationguide-page","valueUri":"StructureDefinition-Soa-Subject.html"}],"reference":{"reference":"StructureDefinition/Soa-Subject"},"name":"SOA Subject","description":"A research subject example.","exampleBoolean":false,"groupingId":"-str-profile"},{"extension":[{"url":"http://hl7.org/fhir/StructureDefinition/implementationguide-page","valueUri":"StructureDefinition-SOA-unplanned-visit-definition.html"}],"reference":{"reference":"StructureDefinition/SOA-unplanned-visit-definition"},"name":"SOA Unplanned Visit Definition","description":"An example of a unplanned visit definition for the study.","exampleBoolean":false,"groupingId":"-str-profile"},{"extension":[{"url":"http://hl7.org/fhir/StructureDefinition/implementationguide-page","valueUri":"StructureDefinition-SOA-visit-plan-definition.html"}],"reference":{"reference":"StructureDefinition/SOA-visit-plan-definition"},"name":"SOA Visit Plan Defintion","description":"A profile on the plan definition resource to define the planned events for a visit.","exampleBoolean":false,"groupingId":"-str-profile"},{"extension":[{"url":"http://hl7.org/fhir/StructureDefinition/implementationguide-page","valueUri":"StructureDefinition-SOA-arm-ResearchStudy.html"}],"reference":{"reference":"StructureDefinition/SOA-arm-ResearchStudy"},"name":"ResearchStudy Arm","description":"Reference to Study for Study Arm","exampleBoolean":false,"groupingId":"-str-extension"},{"extension":[{"url":"http://hl7.org/fhir/StructureDefinition/implementationguide-page","valueUri":"StructureDefinition-soa-arm-status.html"}],"reference":{"reference":"StructureDefinition/soa-arm-status"},"name":"Arm Status","description":"Set of permitted values for Arm status","exampleBoolean":false,"groupingId":"-str-extension"},{"extension":[{"url":"http://hl7.org/fhir/StructureDefinition/implementationguide-page","valueUri":"StructureDefinition-planned-visit-study-day.html"}],"reference":{"reference":"StructureDefinition/planned-visit-study-day"},"name":"Planned Study Day of Visit","description":"Planned Study Day of Visit, such as Day -21, Day 1, Day 52","exampleBoolean":false,"groupingId":"-str-extension"},{"extension":[{"url":"http://hl7.org/fhir/StructureDefinition/implementationguide-page","valueUri":"StructureDefinition-plannedStudyDayWindow.html"}],"reference":{"reference":"StructureDefinition/plannedStudyDayWindow"},"name":"Planned Study Day Window","description":"Planned Study Day Window (Times)","exampleBoolean":false,"groupingId":"-str-extension"},{"extension":[{"url":"http://hl7.org/fhir/StructureDefinition/implementationguide-page","valueUri":"StructureDefinition-planned-visit-study-offset.html"}],"reference":{"reference":"StructureDefinition/planned-visit-study-offset"},"name":"Planned Study Offset of Visit","description":"Planned Study Offset of Visit","exampleBoolean":false,"groupingId":"-str-extension"},{"extension":[{"url":"http://hl7.org/fhir/StructureDefinition/implementationguide-page","valueUri":"StructureDefinition-planned-visit-study-windows.html"}],"reference":{"reference":"StructureDefinition/planned-visit-study-windows"},"name":"Planned Study Window of Visit","description":"Planned Study Window of Visit","exampleBoolean":false,"groupingId":"-str-extension"},{"extension":[{"url":"http://hl7.org/fhir/StructureDefinition/implementationguide-page","valueUri":"StructureDefinition-soa-epoch-epochtype.html"}],"reference":{"reference":"StructureDefinition/soa-epoch-epochtype"},"name":"Epoch Type","description":"Categorization of Epoch Type","exampleBoolean":false,"groupingId":"-str-extension"},{"extension":[{"url":"http://hl7.org/fhir/StructureDefinition/implementationguide-page","valueUri":"StructureDefinition-soa-study-activity-milestne.html"}],"reference":{"reference":"StructureDefinition/soa-study-activity-milestne"},"name":"Study Milestone","description":"Categorization of Study Milestone","exampleBoolean":false,"groupingId":"-str-extension"},{"extension":[{"url":"http://hl7.org/fhir/StructureDefinition/implementationguide-page","valueUri":"StructureDefinition-study-event-oid.html"}],"reference":{"reference":"StructureDefinition/study-event-oid"},"name":"Study Event OID","description":"OID for Study Event in Design","exampleBoolean":false,"groupingId":"-str-extension"},{"extension":[{"url":"http://hl7.org/fhir/StructureDefinition/implementationguide-page","valueUri":"StructureDefinition-unplanned-visit-study-window.html"}],"reference":{"reference":"StructureDefinition/unplanned-visit-study-window"},"name":"Unplanned Study Visit Range","description":"Unplanned Study Visit Range [Day.min() to Day.max() of SoA]","exampleBoolean":false,"groupingId":"-str-extension"},{"extension":[{"url":"http://hl7.org/fhir/StructureDefinition/implementationguide-page","valueUri":"ValueSet-soa-arm-status-valueset.html"}],"reference":{"reference":"ValueSet/soa-arm-status-valueset"},"name":"Arm Status Value Set","description":"Set of permitted values for Arm status","exampleBoolean":false,"groupingId":"-term-valueset"},{"extension":[{"url":"http://hl7.org/fhir/StructureDefinition/implementationguide-page","valueUri":"ValueSet-soa-epoch-epochtype-value-set.html"}],"reference":{"reference":"ValueSet/soa-epoch-epochtype-value-set"},"name":"Epoch Type Value Set","description":"Set of permitted values for Epoch","exampleBoolean":false,"groupingId":"-term-valueset"},{"extension":[{"url":"http://hl7.org/fhir/StructureDefinition/implementationguide-page","valueUri":"ValueSet-SOA-study-activity-milestone-valueset.html"}],"reference":{"reference":"ValueSet/SOA-study-activity-milestone-valueset"},"name":"Study Milestone","exampleBoolean":false,"groupingId":"-term-valueset"},{"extension":[{"url":"http://hl7.org/fhir/StructureDefinition/implementationguide-page","valueUri":"ActivityDefinition-Activity-VitalSignsTemperature.html"}],"reference":{"reference":"ActivityDefinition/Activity-VitalSignsTemperature"},"name":"Vital Signs/Temperature","description":"Planned Activity [Vital signs/Temperature]","exampleBoolean":true,"groupingId":"-ex-example"},{"extension":[{"url":"http://hl7.org/fhir/StructureDefinition/implementationguide-page","valueUri":"Organization-EliLillyAndCompany.html"}],"reference":{"reference":"Organization/EliLillyAndCompany"},"name":"Eli Lilly and Company","exampleBoolean":true,"groupingId":"H2Q-MC-LZZT-Actors"},{"extension":[{"url":"http://hl7.org/fhir/StructureDefinition/implementationguide-page","valueUri":"ActivityDefinition-H2Q-MC-LZZT-ADAS-Cog.html"}],"reference":{"reference":"ActivityDefinition/H2Q-MC-LZZT-ADAS-Cog"},"name":"ADAS-Cog","description":"Planned Activity [ADAS-Cog]","exampleBoolean":true,"groupingId":"H2Q-MC-LZZT-Activities"},{"extension":[{"url":"http://hl7.org/fhir/StructureDefinition/implementationguide-page","valueUri":"ObservationDefinition-H2Q-MC-LZZT-ADAS-Cog-Observations.html"}],"reference":{"reference":"ObservationDefinition/H2Q-MC-LZZT-ADAS-Cog-Observations"},"name":"ADAS-Cog-Observations","description":"Planned Observation(s) [ADAS-Cog]","exampleBoolean":true,"groupingId":"H2Q-MC-LZZT-Observations"},{"extension":[{"url":"http://hl7.org/fhir/StructureDefinition/implementationguide-page","valueUri":"ActivityDefinition-H2Q-MC-LZZT-Adverse-events.html"}],"reference":{"reference":"ActivityDefinition/H2Q-MC-LZZT-Adverse-events"},"name":"Adverse events","description":"Planned Activity [Adverse events]","exampleBoolean":true,"groupingId":"H2Q-MC-LZZT-Activities"},{"extension":[{"url":"http://hl7.org/fhir/StructureDefinition/implementationguide-page","valueUri":"ObservationDefinition-H2Q-MC-LZZT-Adverse-events-Observations.html"}],"reference":{"reference":"ObservationDefinition/H2Q-MC-LZZT-Adverse-events-Observations"},"name":"Adverse events-Observations","description":"Planned Observation(s) [Adverse events]","exampleBoolean":true,"groupingId":"H2Q-MC-LZZT-Observations"},{"extension":[{"url":"http://hl7.org/fhir/StructureDefinition/implementationguide-page","valueUri":"ActivityDefinition-H2Q-MC-LZZT-Ambulatory-ECG-placed.html"}],"reference":{"reference":"ActivityDefinition/H2Q-MC-LZZT-Ambulatory-ECG-placed"},"name":"Ambulatory ECG placed","description":"Planned Activity [Ambulatory ECG placed]","exampleBoolean":true,"groupingId":"H2Q-MC-LZZT-Activities"},{"extension":[{"url":"http://hl7.org/fhir/StructureDefinition/implementationguide-page","valueUri":"ObservationDefinition-H2Q-MC-LZZT-Ambulatory-ECG-placed-Observations.html"}],"reference":{"reference":"ObservationDefinition/H2Q-MC-LZZT-Ambulatory-ECG-placed-Observations"},"name":"Ambulatory ECG placed-Observations","description":"Planned Observation(s) [Ambulatory ECG placed]","exampleBoolean":true,"groupingId":"H2Q-MC-LZZT-Observations"},{"extension":[{"url":"http://hl7.org/fhir/StructureDefinition/implementationguide-page","valueUri":"ActivityDefinition-H2Q-MC-LZZT-Ambulatory-ECG-removed.html"}],"reference":{"reference":"ActivityDefinition/H2Q-MC-LZZT-Ambulatory-ECG-removed"},"name":"Ambulatory ECG removed","description":"Planned Activity [Ambulatory ECG removed]","exampleBoolean":true,"groupingId":"H2Q-MC-LZZT-Activities"},{"extension":[{"url":"http://hl7.org/fhir/StructureDefinition/implementationguide-page","valueUri":"ObservationDefinition-H2Q-MC-LZZT-Ambulatory-ECG-removed-Observations.html"}],"reference":{"reference":"ObservationDefinition/H2Q-MC-LZZT-Ambulatory-ECG-removed-Observations"},"name":"Ambulatory ECG removed-Observations","description":"Planned Observation(s) [Ambulatory ECG removed]","exampleBoolean":true,"groupingId":"H2Q-MC-LZZT-Observations"},{"extension":[{"url":"http://hl7.org/fhir/StructureDefinition/implementationguide-page","valueUri":"ActivityDefinition-H2Q-MC-LZZT-Apo-E-genotyping.html"}],"reference":{"reference":"ActivityDefinition/H2Q-MC-LZZT-Apo-E-genotyping"},"name":"Apo E genotyping","description":"Planned Activity [Apo E genotyping]","exampleBoolean":true,"groupingId":"H2Q-MC-LZZT-Activities"},{"extension":[{"url":"http://hl7.org/fhir/StructureDefinition/implementationguide-page","valueUri":"ObservationDefinition-H2Q-MC-LZZT-Apo-E-genotyping-Observations.html"}],"reference":{"reference":"ObservationDefinition/H2Q-MC-LZZT-Apo-E-genotyping-Observations"},"name":"Apo E genotyping-Observations","description":"Planned Observation(s) [Apo E genotyping]","exampleBoolean":true,"groupingId":"H2Q-MC-LZZT-Observations"},{"reference":{"reference":"Bundle/H2Q-MC-LZZT-Bundle-1"},"name":"H2Q-MC-LZZT Bundle 1","description":"First Deliverable for the PHUSE Project","exampleBoolean":true,"groupingId":"Deliverables"},{"reference":{"reference":"Bundle/H2Q-MC-LZZT-Bundle-2"},"name":"H2Q-MC-LZZT Bundle 2","description":"Second Deliverable for the PHUSE Project","exampleBoolean":true,"groupingId":"Deliverables"},{"extension":[{"url":"http://hl7.org/fhir/StructureDefinition/implementationguide-page","valueUri":"ActivityDefinition-H2Q-MC-LZZT-CIBIC.html"}],"reference":{"reference":"ActivityDefinition/H2Q-MC-LZZT-CIBIC"},"name":"CIBIC+","description":"Planned Activity [CIBIC+]","exampleBoolean":true,"groupingId":"H2Q-MC-LZZT-Activities"},{"extension":[{"url":"http://hl7.org/fhir/StructureDefinition/implementationguide-page","valueUri":"ObservationDefinition-H2Q-MC-LZZT-CIBIC-Observations.html"}],"reference":{"reference":"ObservationDefinition/H2Q-MC-LZZT-CIBIC-Observations"},"name":"CIBIC+-Observations","description":"Planned Observation(s) [CIBIC+]","exampleBoolean":true,"groupingId":"H2Q-MC-LZZT-Observations"},{"extension":[{"url":"http://hl7.org/fhir/StructureDefinition/implementationguide-page","valueUri":"ActivityDefinition-H2Q-MC-LZZT-CT-Scan.html"}],"reference":{"reference":"ActivityDefinition/H2Q-MC-LZZT-CT-Scan"},"name":"CT Scan","description":"Planned Activity [CT Scan]","exampleBoolean":true,"groupingId":"H2Q-MC-LZZT-Activities"},{"extension":[{"url":"http://hl7.org/fhir/StructureDefinition/implementationguide-page","valueUri":"ObservationDefinition-H2Q-MC-LZZT-CT-Scan-Observations.html"}],"reference":{"reference":"ObservationDefinition/H2Q-MC-LZZT-CT-Scan-Observations"},"name":"CT Scan-Observations","description":"Planned Observation(s) [CT Scan]","exampleBoolean":true,"groupingId":"H2Q-MC-LZZT-Observations"},{"extension":[{"url":"http://hl7.org/fhir/StructureDefinition/implementationguide-page","valueUri":"ActivityDefinition-H2Q-MC-LZZT-Chest-x-ray.html"}],"reference":{"reference":"ActivityDefinition/H2Q-MC-LZZT-Chest-x-ray"},"name":"Chest x-ray","description":"Planned Activity [Chest x-ray]","exampleBoolean":true,"groupingId":"H2Q-MC-LZZT-Activities"},{"extension":[{"url":"http://hl7.org/fhir/StructureDefinition/implementationguide-page","valueUri":"ObservationDefinition-H2Q-MC-LZZT-Chest-x-ray-Observations.html"}],"reference":{"reference":"ObservationDefinition/H2Q-MC-LZZT-Chest-x-ray-Observations"},"name":"Chest x-ray-Observations","description":"Planned Observation(s) [Chest x-ray]","exampleBoolean":true,"groupingId":"H2Q-MC-LZZT-Observations"},{"extension":[{"url":"http://hl7.org/fhir/StructureDefinition/implementationguide-page","valueUri":"ActivityDefinition-H2Q-MC-LZZT-Concomitant-Medications.html"}],"reference":{"reference":"ActivityDefinition/H2Q-MC-LZZT-Concomitant-Medications"},"name":"Concomitant Medications","description":"Planned Activity [Concomitant Medications]","exampleBoolean":true,"groupingId":"H2Q-MC-LZZT-Activities"},{"extension":[{"url":"http://hl7.org/fhir/StructureDefinition/implementationguide-page","valueUri":"ObservationDefinition-H2Q-MC-LZZT-Concomitant-Medications-Observations.html"}],"reference":{"reference":"ObservationDefinition/H2Q-MC-LZZT-Concomitant-Medications-Observations"},"name":"Concomitant Medications-Observations","description":"Planned Observation(s) [Concomitant Medications]","exampleBoolean":true,"groupingId":"H2Q-MC-LZZT-Observations"},{"extension":[{"url":"http://hl7.org/fhir/StructureDefinition/implementationguide-page","valueUri":"ActivityDefinition-H2Q-MC-LZZT-DAD.html"}],"reference":{"reference":"ActivityDefinition/H2Q-MC-LZZT-DAD"},"name":"DAD","description":"Planned Activity [DAD]","exampleBoolean":true,"groupingId":"H2Q-MC-LZZT-Activities"},{"extension":[{"url":"http://hl7.org/fhir/StructureDefinition/implementationguide-page","valueUri":"ObservationDefinition-H2Q-MC-LZZT-DAD-Observations.html"}],"reference":{"reference":"ObservationDefinition/H2Q-MC-LZZT-DAD-Observations"},"name":"DAD-Observations","description":"Planned Observation(s) [DAD]","exampleBoolean":true,"groupingId":"H2Q-MC-LZZT-Observations"},{"extension":[{"url":"http://hl7.org/fhir/StructureDefinition/implementationguide-page","valueUri":"ActivityDefinition-H2Q-MC-LZZT-ECG.html"}],"reference":{"reference":"ActivityDefinition/H2Q-MC-LZZT-ECG"},"name":"ECG","description":"Planned Activity [ECG]","exampleBoolean":true,"groupingId":"H2Q-MC-LZZT-Activities"},{"extension":[{"url":"http://hl7.org/fhir/StructureDefinition/implementationguide-page","valueUri":"ObservationDefinition-H2Q-MC-LZZT-ECG-Observations.html"}],"reference":{"reference":"ObservationDefinition/H2Q-MC-LZZT-ECG-Observations"},"name":"ECG-Observations","description":"Planned Observation(s) [ECG]","exampleBoolean":true,"groupingId":"H2Q-MC-LZZT-Observations"},{"extension":[{"url":"http://hl7.org/fhir/StructureDefinition/implementationguide-page","valueUri":"ActivityDefinition-H2Q-MC-LZZT-Habits-Alcohol.html"}],"reference":{"reference":"ActivityDefinition/H2Q-MC-LZZT-Habits-Alcohol"},"name":"Habits - Alcohol","description":"Planned Activity [Habits - Alcohol]","exampleBoolean":true,"groupingId":"H2Q-MC-LZZT-Activities"},{"extension":[{"url":"http://hl7.org/fhir/StructureDefinition/implementationguide-page","valueUri":"ActivityDefinition-H2Q-MC-LZZT-Habits-Caffeine.html"}],"reference":{"reference":"ActivityDefinition/H2Q-MC-LZZT-Habits-Caffeine"},"name":"Habits - Caffeine","description":"Planned Activity [Habits - Caffeine]","exampleBoolean":true,"groupingId":"H2Q-MC-LZZT-Activities"},{"extension":[{"url":"http://hl7.org/fhir/StructureDefinition/implementationguide-page","valueUri":"ObservationDefinition-H2Q-MC-LZZT-Habits-Observations.html"}],"reference":{"reference":"ObservationDefinition/H2Q-MC-LZZT-Habits-Observations"},"name":"Habits-Observations","description":"Planned Observation(s) [Habits]","exampleBoolean":true,"groupingId":"H2Q-MC-LZZT-Observations"},{"extension":[{"url":"http://hl7.org/fhir/StructureDefinition/implementationguide-page","valueUri":"ActivityDefinition-H2Q-MC-LZZT-Habits-Smoking.html"}],"reference":{"reference":"ActivityDefinition/H2Q-MC-LZZT-Habits-Smoking"},"name":"Habits - Smoking","description":"Planned Activity [Habits - Smoking]","exampleBoolean":true,"groupingId":"H2Q-MC-LZZT-Activities"},{"extension":[{"url":"http://hl7.org/fhir/StructureDefinition/implementationguide-page","valueUri":"ActivityDefinition-H2Q-MC-LZZT-Hachinski-4.html"}],"reference":{"reference":"ActivityDefinition/H2Q-MC-LZZT-Hachinski-4"},"name":"Hachinski 4","description":"Planned Activity [Hachinski 4]","exampleBoolean":true,"groupingId":"H2Q-MC-LZZT-Activities"},{"extension":[{"url":"http://hl7.org/fhir/StructureDefinition/implementationguide-page","valueUri":"ObservationDefinition-H2Q-MC-LZZT-Hachinski-4-Observations.html"}],"reference":{"reference":"ObservationDefinition/H2Q-MC-LZZT-Hachinski-4-Observations"},"name":"Hachinski 4-Observations","description":"Planned Observation(s) [Hachinski 4]","exampleBoolean":true,"groupingId":"H2Q-MC-LZZT-Observations"},{"extension":[{"url":"http://hl7.org/fhir/StructureDefinition/implementationguide-page","valueUri":"ActivityDefinition-H2Q-MC-LZZT-Hemoglobin-A1C.html"}],"reference":{"reference":"ActivityDefinition/H2Q-MC-LZZT-Hemoglobin-A1C"},"name":"Hemoglobin A1C","description":"Planned Activity [Hemoglobin A1C]","exampleBoolean":true,"groupingId":"H2Q-MC-LZZT-Activities"},{"extension":[{"url":"http://hl7.org/fhir/StructureDefinition/implementationguide-page","valueUri":"ObservationDefinition-H2Q-MC-LZZT-Hemoglobin-A1C-Observations.html"}],"reference":{"reference":"ObservationDefinition/H2Q-MC-LZZT-Hemoglobin-A1C-Observations"},"name":"Hemoglobin A1C-Observations","description":"Planned Observation(s) [Hemoglobin A1C]","exampleBoolean":true,"groupingId":"H2Q-MC-LZZT-Observations"},{"extension":[{"url":"http://hl7.org/fhir/StructureDefinition/implementationguide-page","valueUri":"ActivityDefinition-H2Q-MC-LZZT-Informed-Consent.html"}],"reference":{"reference":"ActivityDefinition/H2Q-MC-LZZT-Informed-Consent"},"name":"Informed Consent","description":"Planned Activity [Informed Consent]","exampleBoolean":true,"groupingId":"H2Q-MC-LZZT-Activities"},{"extension":[{"url":"http://hl7.org/fhir/StructureDefinition/implementationguide-page","valueUri":"ObservationDefinition-H2Q-MC-LZZT-Informed-Consent-Observations.html"}],"reference":{"reference":"ObservationDefinition/H2Q-MC-LZZT-Informed-Consent-Observations"},"name":"Informed Consent-Observations","description":"Planned Observation(s) [Informed Consent]","exampleBoolean":true,"groupingId":"H2Q-MC-LZZT-Observations"},{"extension":[{"url":"http://hl7.org/fhir/StructureDefinition/implementationguide-page","valueUri":"ActivityDefinition-H2Q-MC-LZZT-Laboratory-Chem.html"}],"reference":{"reference":"ActivityDefinition/H2Q-MC-LZZT-Laboratory-Chem"},"name":"Laboratory (Chem)","description":"Planned Activity [Laboratory (Chem)]","exampleBoolean":true,"groupingId":"H2Q-MC-LZZT-Activities"},{"extension":[{"url":"http://hl7.org/fhir/StructureDefinition/implementationguide-page","valueUri":"ObservationDefinition-H2Q-MC-LZZT-Laboratory-Chem-Hemat-Observations.html"}],"reference":{"reference":"ObservationDefinition/H2Q-MC-LZZT-Laboratory-Chem-Hemat-Observations"},"name":"Laboratory (Chem/Hemat)-Observations","description":"Planned Observation(s) [Laboratory (Chem/Hemat)]","exampleBoolean":true,"groupingId":"H2Q-MC-LZZT-Observations"},{"extension":[{"url":"http://hl7.org/fhir/StructureDefinition/implementationguide-page","valueUri":"ActivityDefinition-H2Q-MC-LZZT-Laboratory-Hemat.html"}],"reference":{"reference":"ActivityDefinition/H2Q-MC-LZZT-Laboratory-Hemat"},"name":"Laboratory (Hemat)","description":"Planned Activity [Laboratory (Hemat)]","exampleBoolean":true,"groupingId":"H2Q-MC-LZZT-Activities"},{"extension":[{"url":"http://hl7.org/fhir/StructureDefinition/implementationguide-page","valueUri":"ActivityDefinition-H2Q-MC-LZZT-Laboratory-Urinalysis.html"}],"reference":{"reference":"ActivityDefinition/H2Q-MC-LZZT-Laboratory-Urinalysis"},"name":"Laboratory (Urinalysis)","description":"Planned Activity [Laboratory (Urinalysis)]","exampleBoolean":true,"groupingId":"H2Q-MC-LZZT-Activities"},{"extension":[{"url":"http://hl7.org/fhir/StructureDefinition/implementationguide-page","valueUri":"ObservationDefinition-H2Q-MC-LZZT-Laboratory-Urinalysis-Observations.html"}],"reference":{"reference":"ObservationDefinition/H2Q-MC-LZZT-Laboratory-Urinalysis-Observations"},"name":"Laboratory (Urinalysis)-Observations","description":"Planned Observation(s) [Laboratory (Urinalysis)]","exampleBoolean":true,"groupingId":"H2Q-MC-LZZT-Observations"},{"extension":[{"url":"http://hl7.org/fhir/StructureDefinition/implementationguide-page","valueUri":"ActivityDefinition-H2Q-MC-LZZT-MMSE-10-23.html"}],"reference":{"reference":"ActivityDefinition/H2Q-MC-LZZT-MMSE-10-23"},"name":"MMSE 10-23","description":"Planned Activity [MMSE 10-23]","exampleBoolean":true,"groupingId":"H2Q-MC-LZZT-Activities"},{"extension":[{"url":"http://hl7.org/fhir/StructureDefinition/implementationguide-page","valueUri":"ObservationDefinition-H2Q-MC-LZZT-MMSE-10-23-Observations.html"}],"reference":{"reference":"ObservationDefinition/H2Q-MC-LZZT-MMSE-10-23-Observations"},"name":"MMSE 10-23-Observations","description":"Planned Observation(s) [MMSE 10-23]","exampleBoolean":true,"groupingId":"H2Q-MC-LZZT-Observations"},{"extension":[{"url":"http://hl7.org/fhir/StructureDefinition/implementationguide-page","valueUri":"ActivityDefinition-H2Q-MC-LZZT-Medical-History.html"}],"reference":{"reference":"ActivityDefinition/H2Q-MC-LZZT-Medical-History"},"name":"Medical History","description":"Planned Activity [Medical History]","exampleBoolean":true,"groupingId":"H2Q-MC-LZZT-Activities"},{"extension":[{"url":"http://hl7.org/fhir/StructureDefinition/implementationguide-page","valueUri":"ObservationDefinition-H2Q-MC-LZZT-Medical-History-Observations.html"}],"reference":{"reference":"ObservationDefinition/H2Q-MC-LZZT-Medical-History-Observations"},"name":"Medical History-Observations","description":"Planned Observation(s) [Medical History]","exampleBoolean":true,"groupingId":"H2Q-MC-LZZT-Observations"},{"extension":[{"url":"http://hl7.org/fhir/StructureDefinition/implementationguide-page","valueUri":"ActivityDefinition-H2Q-MC-LZZT-Medications-dispensed.html"}],"reference":{"reference":"ActivityDefinition/H2Q-MC-LZZT-Medications-dispensed"},"name":"Medications dispensed","description":"Planned Activity [Medications dispensed]","exampleBoolean":true,"groupingId":"H2Q-MC-LZZT-Activities"},{"extension":[{"url":"http://hl7.org/fhir/StructureDefinition/implementationguide-page","valueUri":"ObservationDefinition-H2Q-MC-LZZT-Medications-dispensed-Observations.html"}],"reference":{"reference":"ObservationDefinition/H2Q-MC-LZZT-Medications-dispensed-Observations"},"name":"Medications dispensed-Observations","description":"Planned Observation(s) [Medications dispensed]","exampleBoolean":true,"groupingId":"H2Q-MC-LZZT-Observations"},{"extension":[{"url":"http://hl7.org/fhir/StructureDefinition/implementationguide-page","valueUri":"ActivityDefinition-H2Q-MC-LZZT-Medications-returned.html"}],"reference":{"reference":"ActivityDefinition/H2Q-MC-LZZT-Medications-returned"},"name":"Medications returned","description":"Planned Activity [Medications returned]","exampleBoolean":true,"groupingId":"H2Q-MC-LZZT-Activities"},{"extension":[{"url":"http://hl7.org/fhir/StructureDefinition/implementationguide-page","valueUri":"ObservationDefinition-H2Q-MC-LZZT-Medications-returned-Observations.html"}],"reference":{"reference":"ObservationDefinition/H2Q-MC-LZZT-Medications-returned-Observations"},"name":"Medications returned-Observations","description":"Planned Observation(s) [Medications returned]","exampleBoolean":true,"groupingId":"H2Q-MC-LZZT-Observations"},{"extension":[{"url":"http://hl7.org/fhir/StructureDefinition/implementationguide-page","valueUri":"ActivityDefinition-H2Q-MC-LZZT-NPI-X.html"}],"reference":{"reference":"ActivityDefinition/H2Q-MC-LZZT-NPI-X"},"name":"NPI-X","description":"Planned Activity [NPI-X]","exampleBoolean":true,"groupingId":"H2Q-MC-LZZT-Activities"},{"extension":[{"url":"http://hl7.org/fhir/StructureDefinition/implementationguide-page","valueUri":"ObservationDefinition-H2Q-MC-LZZT-NPI-X-Observations.html"}],"reference":{"reference":"ObservationDefinition/H2Q-MC-LZZT-NPI-X-Observations"},"name":"NPI-X-Observations","description":"Planned Observation(s) [NPI-X]","exampleBoolean":true,"groupingId":"H2Q-MC-LZZT-Observations"},{"extension":[{"url":"http://hl7.org/fhir/StructureDefinition/implementationguide-page","valueUri":"ActivityDefinition-H2Q-MC-LZZT-Patient-number-assigned.html"}],"reference":{"reference":"ActivityDefinition/H2Q-MC-LZZT-Patient-number-assigned"},"name":"Patient number assigned","description":"Planned Activity [Patient number assigned]","exampleBoolean":true,"groupingId":"H2Q-MC-LZZT-Activities"},{"extension":[{"url":"http://hl7.org/fhir/StructureDefinition/implementationguide-page","valueUri":"ObservationDefinition-H2Q-MC-LZZT-Patient-number-assigned-Observations.html"}],"reference":{"reference":"ObservationDefinition/H2Q-MC-LZZT-Patient-number-assigned-Observations"},"name":"Patient number assigned-Observations","description":"Planned Observation(s) [Patient number assigned]","exampleBoolean":true,"groupingId":"H2Q-MC-LZZT-Observations"},{"extension":[{"url":"http://hl7.org/fhir/StructureDefinition/implementationguide-page","valueUri":"ActivityDefinition-H2Q-MC-LZZT-Patient-randomized.html"}],"reference":{"reference":"ActivityDefinition/H2Q-MC-LZZT-Patient-randomized"},"name":"Patient randomized","description":"Planned Activity [Patient randomized]","exampleBoolean":true,"groupingId":"H2Q-MC-LZZT-Activities"},{"extension":[{"url":"http://hl7.org/fhir/StructureDefinition/implementationguide-page","valueUri":"ObservationDefinition-H2Q-MC-LZZT-Patient-randomized-Observations.html"}],"reference":{"reference":"ObservationDefinition/H2Q-MC-LZZT-Patient-randomized-Observations"},"name":"Patient randomized-Observations","description":"Planned Observation(s) [Patient randomized]","exampleBoolean":true,"groupingId":"H2Q-MC-LZZT-Observations"},{"extension":[{"url":"http://hl7.org/fhir/StructureDefinition/implementationguide-page","valueUri":"ActivityDefinition-H2Q-MC-LZZT-Physical-examination.html"}],"reference":{"reference":"ActivityDefinition/H2Q-MC-LZZT-Physical-examination"},"name":"Physical examination","description":"Planned Activity [Physical examination]","exampleBoolean":true,"groupingId":"H2Q-MC-LZZT-Activities"},{"extension":[{"url":"http://hl7.org/fhir/StructureDefinition/implementationguide-page","valueUri":"ObservationDefinition-H2Q-MC-LZZT-Physical-examination-Observations.html"}],"reference":{"reference":"ObservationDefinition/H2Q-MC-LZZT-Physical-examination-Observations"},"name":"Physical examination-Observations","description":"Planned Observation(s) [Physical examination]","exampleBoolean":true,"groupingId":"H2Q-MC-LZZT-Observations"},{"extension":[{"url":"http://hl7.org/fhir/StructureDefinition/implementationguide-page","valueUri":"ActivityDefinition-H2Q-MC-LZZT-Placebo-TTS-test.html"}],"reference":{"reference":"ActivityDefinition/H2Q-MC-LZZT-Placebo-TTS-test"},"name":"Placebo TTS test","description":"Planned Activity [Placebo TTS test]","exampleBoolean":true,"groupingId":"H2Q-MC-LZZT-Activities"},{"extension":[{"url":"http://hl7.org/fhir/StructureDefinition/implementationguide-page","valueUri":"ObservationDefinition-H2Q-MC-LZZT-Placebo-TTS-test-Observations.html"}],"reference":{"reference":"ObservationDefinition/H2Q-MC-LZZT-Placebo-TTS-test-Observations"},"name":"Placebo TTS test-Observations","description":"Planned Observation(s) [Placebo TTS test]","exampleBoolean":true,"groupingId":"H2Q-MC-LZZT-Observations"},{"extension":[{"url":"http://hl7.org/fhir/StructureDefinition/implementationguide-page","valueUri":"ActivityDefinition-H2Q-MC-LZZT-Plasma-Specimen.html"}],"reference":{"reference":"ActivityDefinition/H2Q-MC-LZZT-Plasma-Specimen"},"name":"Plasma Specimen","description":"Planned Activity [Plasma Specimen]","exampleBoolean":true,"groupingId":"H2Q-MC-LZZT-Activities"},{"extension":[{"url":"http://hl7.org/fhir/StructureDefinition/implementationguide-page","valueUri":"ObservationDefinition-H2Q-MC-LZZT-Plasma-Specimen-Observations.html"}],"reference":{"reference":"ObservationDefinition/H2Q-MC-LZZT-Plasma-Specimen-Observations"},"name":"Plasma Specimen-Observations","description":"Planned Observation(s) [Plasma Specimen]","exampleBoolean":true,"groupingId":"H2Q-MC-LZZT-Observations"},{"extension":[{"url":"http://hl7.org/fhir/StructureDefinition/implementationguide-page","valueUri":"PlanDefinition-H2Q-MC-LZZT-ProtocolDesign.html"}],"reference":{"reference":"PlanDefinition/H2Q-MC-LZZT-ProtocolDesign"},"name":"H2Q-MC-LZZT-ProtocolDesign","description":"H2Q-MC-LZZT-Protocol Schedule of Activities","exampleCanonical":"http://example.org/br-and-r/soa/StructureDefinition/SOA-PlanDefinition","groupingId":"H2Q-MC-LZZT-Design"},{"extension":[{"url":"http://hl7.org/fhir/StructureDefinition/implementationguide-page","valueUri":"ResearchStudy-H2Q-MC-LZZT-ResearchStudy.html"}],"reference":{"reference":"ResearchStudy/H2Q-MC-LZZT-ResearchStudy"},"name":"H2Q-MC-LZZT Research Study","description":"## Xanomeline (LY246708)\n### Protocol H2Q-MC-LZZT(c) \nSafety and Efficacy of the Xanomeline Transdermal Therapeutic System (TTS) in Patients with Mild to Moderate Alzheimer’s Disease","exampleBoolean":true,"groupingId":"H2Q-MC-LZZT-Design"},{"extension":[{"url":"http://hl7.org/fhir/StructureDefinition/implementationguide-page","valueUri":"Group-H2Q-MC-LZZT-ResearchStudy-Exclusion.html"}],"reference":{"reference":"Group/H2Q-MC-LZZT-ResearchStudy-Exclusion"},"name":"H2Q-MC-LZZT Exclusion Criteria","description":"H2Q-MC-LZZT Exclusion Criteria","exampleBoolean":true,"groupingId":"H2Q-MC-LZZT-Design"},{"extension":[{"url":"http://hl7.org/fhir/StructureDefinition/implementationguide-page","valueUri":"Group-H2Q-MC-LZZT-ResearchStudy-Inclusion.html"}],"reference":{"reference":"Group/H2Q-MC-LZZT-ResearchStudy-Inclusion"},"name":"H2Q-MC-LZZT Inclusion Criteria","description":"H2Q-MC-LZZT Inclusion Criteria","exampleBoolean":true,"groupingId":"H2Q-MC-LZZT-Design"},{"extension":[{"url":"http://hl7.org/fhir/StructureDefinition/implementationguide-page","valueUri":"PlanDefinition-H2Q-MC-LZZT-Study-ET-14.html"}],"reference":{"reference":"PlanDefinition/H2Q-MC-LZZT-Study-ET-14"},"name":"ET-14","description":"Planned Visit [ET-14]","exampleCanonical":"http://example.org/br-and-r/soa/StructureDefinition/SOA-PlanDefinition","groupingId":"H2Q-MC-LZZT-Design"},{"extension":[{"url":"http://hl7.org/fhir/StructureDefinition/implementationguide-page","valueUri":"PlanDefinition-H2Q-MC-LZZT-Study-RT-15.html"}],"reference":{"reference":"PlanDefinition/H2Q-MC-LZZT-Study-RT-15"},"name":"RT-15","description":"Planned Visit [RT-15]","exampleCanonical":"http://example.org/br-and-r/soa/StructureDefinition/SOA-PlanDefinition","groupingId":"H2Q-MC-LZZT-Design"},{"extension":[{"url":"http://hl7.org/fhir/StructureDefinition/implementationguide-page","valueUri":"PlanDefinition-H2Q-MC-LZZT-Study-Visit-1.html"}],"reference":{"reference":"PlanDefinition/H2Q-MC-LZZT-Study-Visit-1"},"name":"Visit-1","description":"Planned Visit [Visit-1]","exampleCanonical":"http://example.org/br-and-r/soa/StructureDefinition/SOA-PlanDefinition","groupingId":"H2Q-MC-LZZT-Design"},{"extension":[{"url":"http://hl7.org/fhir/StructureDefinition/implementationguide-page","valueUri":"PlanDefinition-H2Q-MC-LZZT-Study-Visit-10.html"}],"reference":{"reference":"PlanDefinition/H2Q-MC-LZZT-Study-Visit-10"},"name":"Visit-10","description":"Planned Visit [Visit-10]","exampleCanonical":"http://example.org/br-and-r/soa/StructureDefinition/SOA-PlanDefinition","groupingId":"H2Q-MC-LZZT-Design"},{"extension":[{"url":"http://hl7.org/fhir/StructureDefinition/implementationguide-page","valueUri":"PlanDefinition-H2Q-MC-LZZT-Study-Visit-11.html"}],"reference":{"reference":"PlanDefinition/H2Q-MC-LZZT-Study-Visit-11"},"name":"Visit-11","description":"Planned Visit [Visit-11]","exampleCanonical":"http://example.org/br-and-r/soa/StructureDefinition/SOA-PlanDefinition","groupingId":"H2Q-MC-LZZT-Design"},{"extension":[{"url":"http://hl7.org/fhir/StructureDefinition/implementationguide-page","valueUri":"PlanDefinition-H2Q-MC-LZZT-Study-Visit-12.html"}],"reference":{"reference":"PlanDefinition/H2Q-MC-LZZT-Study-Visit-12"},"name":"Visit-12","description":"Planned Visit [Visit-12]","exampleCanonical":"http://example.org/br-and-r/soa/StructureDefinition/SOA-PlanDefinition","groupingId":"H2Q-MC-LZZT-Design"},{"extension":[{"url":"http://hl7.org/fhir/StructureDefinition/implementationguide-page","valueUri":"PlanDefinition-H2Q-MC-LZZT-Study-Visit-13.html"}],"reference":{"reference":"PlanDefinition/H2Q-MC-LZZT-Study-Visit-13"},"name":"Visit-13","description":"Planned Visit [Visit-13]","exampleCanonical":"http://example.org/br-and-r/soa/StructureDefinition/SOA-PlanDefinition","groupingId":"H2Q-MC-LZZT-Design"},{"extension":[{"url":"http://hl7.org/fhir/StructureDefinition/implementationguide-page","valueUri":"PlanDefinition-H2Q-MC-LZZT-Study-Visit-2.html"}],"reference":{"reference":"PlanDefinition/H2Q-MC-LZZT-Study-Visit-2"},"name":"Visit-2","description":"Planned Visit [Visit-2]","exampleCanonical":"http://example.org/br-and-r/soa/StructureDefinition/SOA-PlanDefinition","groupingId":"H2Q-MC-LZZT-Design"},{"extension":[{"url":"http://hl7.org/fhir/StructureDefinition/implementationguide-page","valueUri":"PlanDefinition-H2Q-MC-LZZT-Study-Visit-3.html"}],"reference":{"reference":"PlanDefinition/H2Q-MC-LZZT-Study-Visit-3"},"name":"Visit-3","description":"Planned Visit [Visit-3]","exampleCanonical":"http://example.org/br-and-r/soa/StructureDefinition/SOA-PlanDefinition","groupingId":"H2Q-MC-LZZT-Design"},{"extension":[{"url":"http://hl7.org/fhir/StructureDefinition/implementationguide-page","valueUri":"PlanDefinition-H2Q-MC-LZZT-Study-Visit-4.html"}],"reference":{"reference":"PlanDefinition/H2Q-MC-LZZT-Study-Visit-4"},"name":"Visit-4","description":"Planned Visit [Visit-4]","exampleCanonical":"http://example.org/br-and-r/soa/StructureDefinition/SOA-PlanDefinition","groupingId":"H2Q-MC-LZZT-Design"},{"extension":[{"url":"http://hl7.org/fhir/StructureDefinition/implementationguide-page","valueUri":"PlanDefinition-H2Q-MC-LZZT-Study-Visit-5.html"}],"reference":{"reference":"PlanDefinition/H2Q-MC-LZZT-Study-Visit-5"},"name":"Visit-5","description":"Planned Visit [Visit-5]","exampleCanonical":"http://example.org/br-and-r/soa/StructureDefinition/SOA-PlanDefinition","groupingId":"H2Q-MC-LZZT-Design"},{"extension":[{"url":"http://hl7.org/fhir/StructureDefinition/implementationguide-page","valueUri":"PlanDefinition-H2Q-MC-LZZT-Study-Visit-6.html"}],"reference":{"reference":"PlanDefinition/H2Q-MC-LZZT-Study-Visit-6"},"name":"Visit-6","description":"Planned Visit [Visit-6]","exampleCanonical":"http://example.org/br-and-r/soa/StructureDefinition/SOA-PlanDefinition","groupingId":"H2Q-MC-LZZT-Design"},{"extension":[{"url":"http://hl7.org/fhir/StructureDefinition/implementationguide-page","valueUri":"PlanDefinition-H2Q-MC-LZZT-Study-Visit-7.html"}],"reference":{"reference":"PlanDefinition/H2Q-MC-LZZT-Study-Visit-7"},"name":"Visit-7","description":"Planned Visit [Visit-7]","exampleCanonical":"http://example.org/br-and-r/soa/StructureDefinition/SOA-PlanDefinition","groupingId":"H2Q-MC-LZZT-Design"},{"extension":[{"url":"http://hl7.org/fhir/StructureDefinition/implementationguide-page","valueUri":"PlanDefinition-H2Q-MC-LZZT-Study-Visit-8.html"}],"reference":{"reference":"PlanDefinition/H2Q-MC-LZZT-Study-Visit-8"},"name":"Visit-8","description":"Planned Visit [Visit-8]","exampleCanonical":"http://example.org/br-and-r/soa/StructureDefinition/SOA-PlanDefinition","groupingId":"H2Q-MC-LZZT-Design"},{"extension":[{"url":"http://hl7.org/fhir/StructureDefinition/implementationguide-page","valueUri":"PlanDefinition-H2Q-MC-LZZT-Study-Visit-9.html"}],"reference":{"reference":"PlanDefinition/H2Q-MC-LZZT-Study-Visit-9"},"name":"Visit-9","description":"Planned Visit [Visit-9] - removed in Protocol Amendment","exampleCanonical":"http://example.org/br-and-r/soa/StructureDefinition/SOA-PlanDefinition","groupingId":"H2Q-MC-LZZT-Design"},{"extension":[{"url":"http://hl7.org/fhir/StructureDefinition/implementationguide-page","valueUri":"ActivityDefinition-H2Q-MC-LZZT-Study-drug-record.html"}],"reference":{"reference":"ActivityDefinition/H2Q-MC-LZZT-Study-drug-record"},"name":"Study drug record","description":"Planned Activity [Study drug record]","exampleBoolean":true,"groupingId":"H2Q-MC-LZZT-Activities"},{"extension":[{"url":"http://hl7.org/fhir/StructureDefinition/implementationguide-page","valueUri":"ObservationDefinition-H2Q-MC-LZZT-Study-drug-record-Observations.html"}],"reference":{"reference":"ObservationDefinition/H2Q-MC-LZZT-Study-drug-record-Observations"},"name":"Study drug record-Observations","description":"Planned Observation(s) [Study drug record]","exampleBoolean":true,"groupingId":"H2Q-MC-LZZT-Observations"},{"extension":[{"url":"http://hl7.org/fhir/StructureDefinition/implementationguide-page","valueUri":"ActivityDefinition-H2Q-MC-LZZT-TTS-Acceptability-Survey.html"}],"reference":{"reference":"ActivityDefinition/H2Q-MC-LZZT-TTS-Acceptability-Survey"},"name":"TTS Acceptability Survey","description":"Planned Activity [TTS Acceptability Survey]","exampleBoolean":true,"groupingId":"H2Q-MC-LZZT-Activities"},{"extension":[{"url":"http://hl7.org/fhir/StructureDefinition/implementationguide-page","valueUri":"ObservationDefinition-H2Q-MC-LZZT-TTS-Acceptability-Survey-Observations.html"}],"reference":{"reference":"ObservationDefinition/H2Q-MC-LZZT-TTS-Acceptability-Survey-Observations"},"name":"TTS Acceptability Survey-Observations","description":"Planned Observation(s) [TTS Acceptability Survey]","exampleBoolean":true,"groupingId":"H2Q-MC-LZZT-Observations"},{"extension":[{"url":"http://hl7.org/fhir/StructureDefinition/implementationguide-page","valueUri":"ActivityDefinition-H2Q-MC-LZZT-Visit-Date.html"}],"reference":{"reference":"ActivityDefinition/H2Q-MC-LZZT-Visit-Date"},"name":"Visit Date","description":"Planned Activity [Record Visit Date]","exampleBoolean":true,"groupingId":"H2Q-MC-LZZT-Activities"},{"extension":[{"url":"http://hl7.org/fhir/StructureDefinition/implementationguide-page","valueUri":"ActivityDefinition-H2Q-MC-LZZT-Vital-signs-Temperature.html"}],"reference":{"reference":"ActivityDefinition/H2Q-MC-LZZT-Vital-signs-Temperature"},"name":"Vital signs/Temperature","description":"Planned Activity [Vital signs/Temperature]","exampleBoolean":true,"groupingId":"H2Q-MC-LZZT-Activities"},{"extension":[{"url":"http://hl7.org/fhir/StructureDefinition/implementationguide-page","valueUri":"ObservationDefinition-H2Q-MC-LZZT-Vital-signs-Temperature-Observations.html"}],"reference":{"reference":"ObservationDefinition/H2Q-MC-LZZT-Vital-signs-Temperature-Observations"},"name":"Vital signs/Temperature-Observations","description":"Planned Observation(s) [Vital signs/Temperature]","exampleBoolean":true,"groupingId":"H2Q-MC-LZZT-Observations"},{"extension":[{"url":"http://hl7.org/fhir/StructureDefinition/implementationguide-page","valueUri":"ActivityDefinition-H2Q-MC-LZZT-Vitalsigns-Temperature.html"}],"reference":{"reference":"ActivityDefinition/H2Q-MC-LZZT-Vitalsigns-Temperature"},"name":"Temperature Measurement","description":"Temperature Measurement","exampleCanonical":"http://example.org/br-and-r/soa/StructureDefinition/SOA-planned-study-activity-definition","groupingId":"-ex-example"},{"extension":[{"url":"http://hl7.org/fhir/StructureDefinition/implementationguide-page","valueUri":"ObservationDefinition-H2Q-MC-LZZT-Vitalsigns-Temperature-Observation.html"}],"reference":{"reference":"ObservationDefinition/H2Q-MC-LZZT-Vitalsigns-Temperature-Observation"},"name":"Temperature Measurement - Observation","description":"Observation of Temperature Measurement","exampleBoolean":true,"groupingId":"-ex-example"},{"extension":[{"url":"http://hl7.org/fhir/StructureDefinition/implementationguide-page","valueUri":"Practitioner-SamGetWell.html"}],"reference":{"reference":"Practitioner/SamGetWell"},"name":"Samuel Home, M.D.","exampleBoolean":true,"groupingId":"H2Q-MC-LZZT-Actors"},{"extension":[{"url":"http://hl7.org/fhir/StructureDefinition/implementationguide-page","valueUri":"ObservationDefinition-Temperature-Observation-LOINC.html"}],"reference":{"reference":"ObservationDefinition/Temperature-Observation-LOINC"},"name":"Temperature-Observation","description":"Planned Observation [Temperature]","exampleBoolean":true,"groupingId":"-ex-example"},{"extension":[{"url":"http://hl7.org/fhir/StructureDefinition/implementationguide-page","valueUri":"ObservationDefinition-Temperature-Observation-SNOMED.html"}],"reference":{"reference":"ObservationDefinition/Temperature-Observation-SNOMED"},"name":"Temperature-Observation","description":"Planned Observation [Temperature]","exampleBoolean":true,"groupingId":"-ex-example"},{"extension":[{"url":"http://hl7.org/fhir/StructureDefinition/implementationguide-page","valueUri":"ObservationDefinition-VitalSigns-Observation.html"}],"reference":{"reference":"ObservationDefinition/VitalSigns-Observation"},"name":"VitalSigns-Observation","description":"Planned Observation [VitalSigns]","exampleBoolean":true,"groupingId":"-ex-example"},{"extension":[{"url":"http://hl7.org/fhir/StructureDefinition/implementationguide-page","valueUri":"PlanDefinition-VitalSignsTiming.html"}],"reference":{"reference":"PlanDefinition/VitalSignsTiming"},"name":"Vitalsigns-HeartRate-Blood-Pressure","description":"Vital signs blood pressure and heart rate (repeated)","exampleCanonical":"http://example.org/br-and-r/soa/StructureDefinition/SOA-PlanDefinition","groupingId":"-ex-example"}],"page":{"nameUrl":"toc.html","title":"Table of Contents","generation":"html","page":[{"nameUrl":"index.html","title":"Home","generation":"markdown"},{"nameUrl":"cdisc-odm.html","title":"CDISC Operational Model (ODM)","generation":"markdown"},{"nameUrl":"developer.html","title":"Developer Setup","generation":"markdown"},{"nameUrl":"h2q-mc-lzzt.html","title":"Study Design for H2Q-MC-LZZT","generation":"markdown"},{"nameUrl":"deltas.html","title":"Clinical Research Profile Backlog","generation":"markdown"},{"nameUrl":"artifacts.html","title":"Artifacts Summary","generation":"html","page":[{"nameUrl":"PlanDefinition-H2Q-MC-LZZT-ProtocolDesign.html","title":"H2Q-MC-LZZT-ProtocolDesign","generation":"generated"},{"nameUrl":"ResearchStudy-H2Q-MC-LZZT-ResearchStudy.html","title":"H2Q-MC-LZZT Research Study","generation":"generated"},{"nameUrl":"Group-H2Q-MC-LZZT-ResearchStudy-Exclusion.html","title":"H2Q-MC-LZZT Exclusion Criteria","generation":"generated"},{"nameUrl":"Group-H2Q-MC-LZZT-ResearchStudy-Inclusion.html","title":"H2Q-MC-LZZT Inclusion Criteria","generation":"generated"},{"nameUrl":"PlanDefinition-H2Q-MC-LZZT-Study-ET-14.html","title":"ET-14","generation":"generated"},{"nameUrl":"PlanDefinition-H2Q-MC-LZZT-Study-RT-15.html","title":"RT-15","generation":"generated"},{"nameUrl":"PlanDefinition-H2Q-MC-LZZT-Study-Visit-1.html","title":"Visit-1","generation":"generated"},{"nameUrl":"PlanDefinition-H2Q-MC-LZZT-Study-Visit-10.html","title":"Visit-10","generation":"generated"},{"nameUrl":"PlanDefinition-H2Q-MC-LZZT-Study-Visit-11.html","title":"Visit-11","generation":"generated"},{"nameUrl":"PlanDefinition-H2Q-MC-LZZT-Study-Visit-12.html","title":"Visit-12","generation":"generated"},{"nameUrl":"PlanDefinition-H2Q-MC-LZZT-Study-Visit-13.html","title":"Visit-13","generation":"generated"},{"nameUrl":"PlanDefinition-H2Q-MC-LZZT-Study-Visit-2.html","title":"Visit-2","generation":"generated"},{"nameUrl":"PlanDefinition-H2Q-MC-LZZT-Study-Visit-3.html","title":"Visit-3","generation":"generated"},{"nameUrl":"PlanDefinition-H2Q-MC-LZZT-Study-Visit-4.html","title":"Visit-4","generation":"generated"},{"nameUrl":"PlanDefinition-H2Q-MC-LZZT-Study-Visit-5.html","title":"Visit-5","generation":"generated"},{"nameUrl":"PlanDefinition-H2Q-MC-LZZT-Study-Visit-6.html","title":"Visit-6","generation":"generated"},{"nameUrl":"PlanDefinition-H2Q-MC-LZZT-Study-Visit-7.html","title":"Visit-7","generation":"generated"},{"nameUrl":"PlanDefinition-H2Q-MC-LZZT-Study-Visit-8.html","title":"Visit-8","generation":"generated"},{"nameUrl":"PlanDefinition-H2Q-MC-LZZT-Study-Visit-9.html","title":"Visit-9","generation":"generated"},{"nameUrl":"Organization-EliLillyAndCompany.html","title":"Eli Lilly and Company","generation":"generated"},{"nameUrl":"Practitioner-SamGetWell.html","title":"Samuel Home, M.D.","generation":"generated"},{"nameUrl":"ActivityDefinition-H2Q-MC-LZZT-ADAS-Cog.html","title":"ADAS-Cog","generation":"generated"},{"nameUrl":"ActivityDefinition-H2Q-MC-LZZT-Adverse-events.html","title":"Adverse events","generation":"generated"},{"nameUrl":"ActivityDefinition-H2Q-MC-LZZT-Ambulatory-ECG-placed.html","title":"Ambulatory ECG placed","generation":"generated"},{"nameUrl":"ActivityDefinition-H2Q-MC-LZZT-Ambulatory-ECG-removed.html","title":"Ambulatory ECG removed","generation":"generated"},{"nameUrl":"ActivityDefinition-H2Q-MC-LZZT-Apo-E-genotyping.html","title":"Apo E genotyping","generation":"generated"},{"nameUrl":"ActivityDefinition-H2Q-MC-LZZT-CIBIC.html","title":"CIBIC+","generation":"generated"},{"nameUrl":"ActivityDefinition-H2Q-MC-LZZT-CT-Scan.html","title":"CT Scan","generation":"generated"},{"nameUrl":"ActivityDefinition-H2Q-MC-LZZT-Chest-x-ray.html","title":"Chest x-ray","generation":"generated"},{"nameUrl":"ActivityDefinition-H2Q-MC-LZZT-Concomitant-Medications.html","title":"Concomitant Medications","generation":"generated"},{"nameUrl":"ActivityDefinition-H2Q-MC-LZZT-DAD.html","title":"DAD","generation":"generated"},{"nameUrl":"ActivityDefinition-H2Q-MC-LZZT-ECG.html","title":"ECG","generation":"generated"},{"nameUrl":"ActivityDefinition-H2Q-MC-LZZT-Habits-Alcohol.html","title":"Habits - Alcohol","generation":"generated"},{"nameUrl":"ActivityDefinition-H2Q-MC-LZZT-Habits-Caffeine.html","title":"Habits - Caffeine","generation":"generated"},{"nameUrl":"ActivityDefinition-H2Q-MC-LZZT-Habits-Smoking.html","title":"Habits - Smoking","generation":"generated"},{"nameUrl":"ActivityDefinition-H2Q-MC-LZZT-Hachinski-4.html","title":"Hachinski 4","generation":"generated"},{"nameUrl":"ActivityDefinition-H2Q-MC-LZZT-Hemoglobin-A1C.html","title":"Hemoglobin A1C","generation":"generated"},{"nameUrl":"ActivityDefinition-H2Q-MC-LZZT-Informed-Consent.html","title":"Informed Consent","generation":"generated"},{"nameUrl":"ActivityDefinition-H2Q-MC-LZZT-Laboratory-Chem.html","title":"Laboratory (Chem)","generation":"generated"},{"nameUrl":"ActivityDefinition-H2Q-MC-LZZT-Laboratory-Hemat.html","title":"Laboratory (Hemat)","generation":"generated"},{"nameUrl":"ActivityDefinition-H2Q-MC-LZZT-Laboratory-Urinalysis.html","title":"Laboratory (Urinalysis)","generation":"generated"},{"nameUrl":"ActivityDefinition-H2Q-MC-LZZT-MMSE-10-23.html","title":"MMSE 10-23","generation":"generated"},{"nameUrl":"ActivityDefinition-H2Q-MC-LZZT-Medical-History.html","title":"Medical History","generation":"generated"},{"nameUrl":"ActivityDefinition-H2Q-MC-LZZT-Medications-dispensed.html","title":"Medications dispensed","generation":"generated"},{"nameUrl":"ActivityDefinition-H2Q-MC-LZZT-Medications-returned.html","title":"Medications returned","generation":"generated"},{"nameUrl":"ActivityDefinition-H2Q-MC-LZZT-NPI-X.html","title":"NPI-X","generation":"generated"},{"nameUrl":"ActivityDefinition-H2Q-MC-LZZT-Patient-number-assigned.html","title":"Patient number assigned","generation":"generated"},{"nameUrl":"ActivityDefinition-H2Q-MC-LZZT-Patient-randomized.html","title":"Patient randomized","generation":"generated"},{"nameUrl":"ActivityDefinition-H2Q-MC-LZZT-Physical-examination.html","title":"Physical examination","generation":"generated"},{"nameUrl":"ActivityDefinition-H2Q-MC-LZZT-Placebo-TTS-test.html","title":"Placebo TTS test","generation":"generated"},{"nameUrl":"ActivityDefinition-H2Q-MC-LZZT-Plasma-Specimen.html","title":"Plasma Specimen","generation":"generated"},{"nameUrl":"ActivityDefinition-H2Q-MC-LZZT-Study-drug-record.html","title":"Study drug record","generation":"generated"},{"nameUrl":"ActivityDefinition-H2Q-MC-LZZT-TTS-Acceptability-Survey.html","title":"TTS Acceptability Survey","generation":"generated"},{"nameUrl":"ActivityDefinition-H2Q-MC-LZZT-Visit-Date.html","title":"Visit Date","generation":"generated"},{"nameUrl":"ActivityDefinition-H2Q-MC-LZZT-Vital-signs-Temperature.html","title":"Vital signs/Temperature","generation":"generated"},{"nameUrl":"ObservationDefinition-H2Q-MC-LZZT-ADAS-Cog-Observations.html","title":"ADAS-Cog-Observations","generation":"generated"},{"nameUrl":"ObservationDefinition-H2Q-MC-LZZT-Adverse-events-Observations.html","title":"Adverse events-Observations","generation":"generated"},{"nameUrl":"ObservationDefinition-H2Q-MC-LZZT-Ambulatory-ECG-placed-Observations.html","title":"Ambulatory ECG placed-Observations","generation":"generated"},{"nameUrl":"ObservationDefinition-H2Q-MC-LZZT-Ambulatory-ECG-removed-Observations.html","title":"Ambulatory ECG removed-Observations","generation":"generated"},{"nameUrl":"ObservationDefinition-H2Q-MC-LZZT-Apo-E-genotyping-Observations.html","title":"Apo E genotyping-Observations","generation":"generated"},{"nameUrl":"ObservationDefinition-H2Q-MC-LZZT-CIBIC-Observations.html","title":"CIBIC+-Observations","generation":"generated"},{"nameUrl":"ObservationDefinition-H2Q-MC-LZZT-CT-Scan-Observations.html","title":"CT Scan-Observations","generation":"generated"},{"nameUrl":"ObservationDefinition-H2Q-MC-LZZT-Chest-x-ray-Observations.html","title":"Chest x-ray-Observations","generation":"generated"},{"nameUrl":"ObservationDefinition-H2Q-MC-LZZT-Concomitant-Medications-Observations.html","title":"Concomitant Medications-Observations","generation":"generated"},{"nameUrl":"ObservationDefinition-H2Q-MC-LZZT-DAD-Observations.html","title":"DAD-Observations","generation":"generated"},{"nameUrl":"ObservationDefinition-H2Q-MC-LZZT-ECG-Observations.html","title":"ECG-Observations","generation":"generated"},{"nameUrl":"ObservationDefinition-H2Q-MC-LZZT-Habits-Observations.html","title":"Habits-Observations","generation":"generated"},{"nameUrl":"ObservationDefinition-H2Q-MC-LZZT-Hachinski-4-Observations.html","title":"Hachinski 4-Observations","generation":"generated"},{"nameUrl":"ObservationDefinition-H2Q-MC-LZZT-Hemoglobin-A1C-Observations.html","title":"Hemoglobin A1C-Observations","generation":"generated"},{"nameUrl":"ObservationDefinition-H2Q-MC-LZZT-Informed-Consent-Observations.html","title":"Informed Consent-Observations","generation":"generated"},{"nameUrl":"ObservationDefinition-H2Q-MC-LZZT-Laboratory-Chem-Hemat-Observations.html","title":"Laboratory (Chem/Hemat)-Observations","generation":"generated"},{"nameUrl":"ObservationDefinition-H2Q-MC-LZZT-Laboratory-Urinalysis-Observations.html","title":"Laboratory (Urinalysis)-Observations","generation":"generated"},{"nameUrl":"ObservationDefinition-H2Q-MC-LZZT-MMSE-10-23-Observations.html","title":"MMSE 10-23-Observations","generation":"generated"},{"nameUrl":"ObservationDefinition-H2Q-MC-LZZT-Medical-History-Observations.html","title":"Medical History-Observations","generation":"generated"},{"nameUrl":"ObservationDefinition-H2Q-MC-LZZT-Medications-dispensed-Observations.html","title":"Medications dispensed-Observations","generation":"generated"},{"nameUrl":"ObservationDefinition-H2Q-MC-LZZT-Medications-returned-Observations.html","title":"Medications returned-Observations","generation":"generated"},{"nameUrl":"ObservationDefinition-H2Q-MC-LZZT-NPI-X-Observations.html","title":"NPI-X-Observations","generation":"generated"},{"nameUrl":"ObservationDefinition-H2Q-MC-LZZT-Patient-number-assigned-Observations.html","title":"Patient number assigned-Observations","generation":"generated"},{"nameUrl":"ObservationDefinition-H2Q-MC-LZZT-Patient-randomized-Observations.html","title":"Patient randomized-Observations","generation":"generated"},{"nameUrl":"ObservationDefinition-H2Q-MC-LZZT-Physical-examination-Observations.html","title":"Physical examination-Observations","generation":"generated"},{"nameUrl":"ObservationDefinition-H2Q-MC-LZZT-Placebo-TTS-test-Observations.html","title":"Placebo TTS test-Observations","generation":"generated"},{"nameUrl":"ObservationDefinition-H2Q-MC-LZZT-Plasma-Specimen-Observations.html","title":"Plasma Specimen-Observations","generation":"generated"},{"nameUrl":"ObservationDefinition-H2Q-MC-LZZT-Study-drug-record-Observations.html","title":"Study drug record-Observations","generation":"generated"},{"nameUrl":"ObservationDefinition-H2Q-MC-LZZT-TTS-Acceptability-Survey-Observations.html","title":"TTS Acceptability Survey-Observations","generation":"generated"},{"nameUrl":"ObservationDefinition-H2Q-MC-LZZT-Vital-signs-Temperature-Observations.html","title":"Vital signs/Temperature-Observations","generation":"generated"},{"nameUrl":"StructureDefinition-ResearchStudy-Inclusion-Exclusion.html","title":"Research Study Inclusion Exclusion","generation":"generated"},{"nameUrl":"StructureDefinition-SOA-armgroup-definition.html","title":"SOA Arm Definition","generation":"generated"},{"nameUrl":"StructureDefinition-SOA-epoch-definition.html","title":"SOA Epoch Defintion","generation":"generated"},{"nameUrl":"StructureDefinition-SOA-PlanDefinition.html","title":"SOA PlanDefinition","generation":"generated"},{"nameUrl":"StructureDefinition-SOA-planned-visit-definition.html","title":"SOA Planned Visit Definition","generation":"generated"},{"nameUrl":"StructureDefinition-SOA-protocol-plan-definition.html","title":"SOA Protocol Plan Defintion","generation":"generated"},{"nameUrl":"StructureDefinition-SOA-planned-study-activity-definition.html","title":"SOA Planned Study Activity Definition","generation":"generated"},{"nameUrl":"StructureDefinition-SOA-study-definition.html","title":"SOA Study Defintion","generation":"generated"},{"nameUrl":"StructureDefinition-Soa-Subject.html","title":"SOA Subject","generation":"generated"},{"nameUrl":"StructureDefinition-SOA-unplanned-visit-definition.html","title":"SOA Unplanned Visit Definition","generation":"generated"},{"nameUrl":"StructureDefinition-SOA-visit-plan-definition.html","title":"SOA Visit Plan Defintion","generation":"generated"},{"nameUrl":"StructureDefinition-SOA-arm-ResearchStudy.html","title":"ResearchStudy Arm","generation":"generated"},{"nameUrl":"StructureDefinition-soa-arm-status.html","title":"Arm Status","generation":"generated"},{"nameUrl":"StructureDefinition-planned-visit-study-day.html","title":"Planned Study Day of Visit","generation":"generated"},{"nameUrl":"StructureDefinition-plannedStudyDayWindow.html","title":"Planned Study Day Window","generation":"generated"},{"nameUrl":"StructureDefinition-planned-visit-study-offset.html","title":"Planned Study Offset of Visit","generation":"generated"},{"nameUrl":"StructureDefinition-planned-visit-study-windows.html","title":"Planned Study Window of Visit","generation":"generated"},{"nameUrl":"StructureDefinition-soa-epoch-epochtype.html","title":"Epoch Type","generation":"generated"},{"nameUrl":"StructureDefinition-soa-study-activity-milestne.html","title":"Study Milestone","generation":"generated"},{"nameUrl":"StructureDefinition-study-event-oid.html","title":"Study Event OID","generation":"generated"},{"nameUrl":"StructureDefinition-unplanned-visit-study-window.html","title":"Unplanned Study Visit Range","generation":"generated"},{"nameUrl":"ValueSet-soa-arm-status-valueset.html","title":"Arm Status Value Set","generation":"generated"},{"nameUrl":"ValueSet-soa-epoch-epochtype-value-set.html","title":"Epoch Type Value Set","generation":"generated"},{"nameUrl":"ValueSet-SOA-study-activity-milestone-valueset.html","title":"Study Milestone","generation":"generated"},{"nameUrl":"ActivityDefinition-Activity-VitalSignsTemperature.html","title":"Vital Signs/Temperature","generation":"generated"},{"nameUrl":"ActivityDefinition-H2Q-MC-LZZT-Vitalsigns-Temperature.html","title":"Temperature Measurement","generation":"generated"},{"nameUrl":"ObservationDefinition-H2Q-MC-LZZT-Vitalsigns-Temperature-Observation.html","title":"Temperature Measurement - Observation","generation":"generated"},{"nameUrl":"ObservationDefinition-Temperature-Observation-LOINC.html","title":"Temperature-Observation","generation":"generated"},{"nameUrl":"ObservationDefinition-Temperature-Observation-SNOMED.html","title":"Temperature-Observation","generation":"generated"},{"nameUrl":"ObservationDefinition-VitalSigns-Observation.html","title":"VitalSigns-Observation","generation":"generated"},{"nameUrl":"PlanDefinition-VitalSignsTiming.html","title":"Vitalsigns-HeartRate-Blood-Pressure","generation":"generated"}]}]},"parameter":[{"code":"path-resource","value":"input/capabilities"},{"code":"path-resource","value":"input/examples"},{"code":"path-resource","value":"input/extensions"},{"code":"path-resource","value":"input/models"},{"code":"path-resource","value":"input/operations"},{"code":"path-resource","value":"input/profiles"},{"code":"path-resource","value":"input/resources"},{"code":"path-resource","value":"input/vocabulary"},{"code":"path-resource","value":"input/maps"},{"code":"path-resource","value":"input/testing"},{"code":"path-resource","value":"input/history"},{"code":"path-resource","value":"fsh-generated/resources"},{"code":"path-pages","value":"template/config"},{"code":"path-pages","value":"input/images"},{"code":"path-tx-cache","value":"input-cache/txcache"}]}}