{"resourceType":"PlanDefinition","id":"H2Q-MC-LZZT-Study-Visit-12","meta":{"profile":["http://example.org/br-and-r/soa/StructureDefinition/SOA-PlanDefinition"]},"extension":[{"url":"http://example.org/br-and-r/soa/StructureDefinition/planned-visit-study-day","valueInteger":168}],"url":"http://example.org/br-and-r/soa/PlanDefinition/H2Q-MC-LZZT-Study-Visit-12","identifier":[{"value":"VISIT-12"}],"version":"0.1.0","status":"active","date":"2021-04-21T15:52:00+00:00","action":[{"title":"Visit","definitionUri":"ActivityDefinition/H2Q-MC-LZZT-Visit"},{"title":"Vital signs/Temperature ","definitionUri":"ActivityDefinition/H2Q-MC-LZZT-Vital-signs/Temperature"},{"title":"ECG ","definitionUri":"ActivityDefinition/H2Q-MC-LZZT-ECG"},{"title":"Concomitant Medications ","definitionUri":"ActivityDefinition/H2Q-MC-LZZT-Concomitant-Medications"},{"title":"Laboratory (Chem/Hemat)","definitionUri":"ActivityDefinition/H2Q-MC-LZZT-Laboratory-(Chem/Hemat)"},{"title":"Laboratory (Urinalysis) ","definitionUri":"ActivityDefinition/H2Q-MC-LZZT-Laboratory-(Urinalysis)"},{"title":"Study drug record ","definitionUri":"ActivityDefinition/H2Q-MC-LZZT-Study-drug-record"},{"title":"ADAS-Cog ","definitionUri":"ActivityDefinition/H2Q-MC-LZZT-ADAS-Cog"},{"title":"CIBIC+ ","definitionUri":"ActivityDefinition/H2Q-MC-LZZT-CIBIC+"},{"title":"DAD ","definitionUri":"ActivityDefinition/H2Q-MC-LZZT-DAD"},{"title":"NPI-X ","definitionUri":"ActivityDefinition/H2Q-MC-LZZT-NPI-X"},{"title":"Adverse events ","definitionUri":"ActivityDefinition/H2Q-MC-LZZT-Adverse-events"}]}