{"resourceType":"PlanDefinition","id":"H2Q-MC-LZZT-Study-Visit-2","meta":{"profile":["http://example.org/br-and-r/soa/StructureDefinition/SOA-PlanDefinition"]},"extension":[{"url":"http://example.org/br-and-r/soa/StructureDefinition/planned-visit-study-day","valueInteger":0}],"url":"http://example.org/br-and-r/soa/PlanDefinition/H2Q-MC-LZZT-Study-Visit-2","identifier":[{"use":"usual","type":{"coding":[{"code":"PLAC"}]},"value":"VISIT-2"},{"use":"secondary","type":{"coding":[{"system":"http://www.cdisc.org/ns/odm/v1.3#","display":"OID"}]},"system":"http://www.cdisc.org/ns/odm/v1.3/StudyDef#","value":"SE.AMB_ECG_VISIT"}],"version":"0.1.0","status":"active","date":"2021-04-07T18:53:00+00:00","action":[{"title":"Visit","definitionUri":"ActivityDefinition/H2Q-MC-LZZT-Visit"},{"title":"Vital signs/Temperature ","definitionUri":"ActivityDefinition/H2Q-MC-LZZT-Vital-signs/Temperature"},{"title":"Ambulatory ECG placed ","definitionUri":"ActivityDefinition/H2Q-MC-LZZT-Ambulatory-ECG-placed"},{"title":"Adverse events ","definitionUri":"ActivityDefinition/H2Q-MC-LZZT-Adverse-events"}]}