{"resourceType":"PlanDefinition","id":"H2Q-MC-LZZT-Study-Visit-3","meta":{"profile":["http://example.org/br-and-r/soa/StructureDefinition/SOA-PlanDefinition"]},"extension":[{"url":"http://example.org/br-and-r/soa/StructureDefinition/planned-visit-study-day","valueInteger":0}],"url":"http://example.org/br-and-r/soa/PlanDefinition/H2Q-MC-LZZT-Study-Visit-3","identifier":[{"use":"usual","type":{"coding":[{"code":"PLAC"}]},"value":"VISIT-3"},{"use":"secondary","type":{"coding":[{"system":"http://www.cdisc.org/ns/odm/v1.3#","display":"OID"}]},"system":"http://www.cdisc.org/ns/odm/v1.3/StudyDef#","value":"SE.RANDOMIZATION_VISIT"}],"version":"0.1.1","status":"active","date":"2021-05-18T13:05:31+00:00","action":[{"title":"Record Visit Date","definitionUri":"ActivityDefinition/H2Q-MC-LZZT-Visit-Date"},{"title":"Patient randomized ","definitionUri":"ActivityDefinition/H2Q-MC-LZZT-Patient-randomized"},{"title":"Vital signs/Temperature ","definitionUri":"ActivityDefinition/H2Q-MC-LZZT-Vital-signs/Temperature"},{"title":"Ambulatory ECG removed ","definitionUri":"ActivityDefinition/H2Q-MC-LZZT-Ambulatory-ECG-removed"},{"title":"Concomitant Medications ","definitionUri":"ActivityDefinition/H2Q-MC-LZZT-Concomitant-Medications"},{"title":"Laboratory (Urinalysis) ","definitionUri":"ActivityDefinition/H2Q-MC-LZZT-Laboratory-(Urinalysis)"},{"title":"Plasma Specimen ","definitionUri":"ActivityDefinition/H2Q-MC-LZZT-Plasma-Specimen"},{"title":"Study drug record ","definitionUri":"ActivityDefinition/H2Q-MC-LZZT-Study-drug-record"},{"title":"ADAS-Cog ","definitionUri":"ActivityDefinition/H2Q-MC-LZZT-ADAS-Cog"},{"title":"CIBIC+ ","definitionUri":"ActivityDefinition/H2Q-MC-LZZT-CIBIC+"},{"title":"DAD ","definitionUri":"ActivityDefinition/H2Q-MC-LZZT-DAD"},{"title":"NPI-X ","definitionUri":"ActivityDefinition/H2Q-MC-LZZT-NPI-X"},{"title":"Adverse events ","definitionUri":"ActivityDefinition/H2Q-MC-LZZT-Adverse-events"}]}