{"resourceType":"PlanDefinition","id":"H2Q-MC-LZZT-Study-RT-15","meta":{"profile":["http://example.org/br-and-r/soa/StructureDefinition/SOA-PlanDefinition"]},"extension":[{"url":"http://example.org/br-and-r/soa/StructureDefinition/planned-visit-study-day","valueInteger":0}],"url":"http://example.org/br-and-r/soa/PlanDefinition/H2Q-MC-LZZT-Study-RT-15","identifier":[{"value":"RT-15"}],"version":"0.1.0","status":"active","date":"2021-04-09T11:39:21+00:00","action":[{"title":"RT","definitionUri":"ActivityDefinition/H2Q-MC-LZZT-RT"},{"title":"Vital signs/Temperature ","definitionUri":"ActivityDefinition/H2Q-MC-LZZT-Vital-signs/Temperature"},{"title":"Concomitant Medications ","definitionUri":"ActivityDefinition/H2Q-MC-LZZT-Concomitant-Medications"},{"title":"ADAS-Cog ","definitionUri":"ActivityDefinition/H2Q-MC-LZZT-ADAS-Cog"},{"title":"CIBIC+ ","definitionUri":"ActivityDefinition/H2Q-MC-LZZT-CIBIC+"},{"title":"DAD ","definitionUri":"ActivityDefinition/H2Q-MC-LZZT-DAD"},{"title":"NPI-X ","definitionUri":"ActivityDefinition/H2Q-MC-LZZT-NPI-X"},{"title":"Adverse events ","definitionUri":"ActivityDefinition/H2Q-MC-LZZT-Adverse-events"}]}