{"resourceType":"PlanDefinition","id":"VitalSignsTiming","meta":{"profile":["http://example.org/br-and-r/soa/StructureDefinition/SOA-PlanDefinition"]},"url":"http://example.org/br-and-r/soa/PlanDefinition/VitalSignsTiming","identifier":[{"use":"usual","type":{"coding":[{"code":"PLAC"}]},"value":"VitalSignsHRBP"},{"use":"secondary","type":{"coding":[{"system":"http://www.cdisc.org/ns/odm/v1.3#","display":"OID"}],"text":"OID"},"system":"http://www.cdisc.org/ns/odm/v1.3/StudyDef#","value":"F.VS_4"}],"version":"0.1.1","status":"active","date":"2021-05-26T14:52:13+00:00","action":[{"title":"SUPINE-Timing-Delay-5","timingDuration":{"code":"5min"}},{"title":"Vital Signs","relatedAction":[{"actionId":"SUPINE-Timing-Delay-5","relationship":"after"}],"definitionUri":"ActivityDefinition/VitalSigns"},{"title":"STANDING-Timing-Delay-1","relatedAction":[{"actionId":"SUPINE-Timing-Delay-5","relationship":"after"}],"timingDuration":{"code":"1min"}},{"title":"Vital Signs","relatedAction":[{"actionId":"STANDING-Timing-Delay-1","relationship":"after"}],"definitionUri":"ActivityDefinition/VitalSigns"},{"title":"STANDING-Timing-Delay-3","relatedAction":[{"actionId":"SUPINE-Timing-Delay-1","relationship":"after"}],"timingDuration":{"code":"3min"}},{"title":"Vital Signs","relatedAction":[{"actionId":"STANDING-Timing-Delay-3","relationship":"after"}],"definitionUri":"ActivityDefinition/VitalSigns"}]}