{"resourceType":"PlanDefinition","id":"H2Q-MC-LZZT-ProtocolDesign","meta":{"profile":["http://example.org/br-and-r/soa/StructureDefinition/SOA-PlanDefinition"]},"url":"http://example.org/br-and-r/soa/PlanDefinition/H2Q-MC-LZZT-ProtocolDesign","version":"0.1.1","status":"active","date":"2021-05-10T09:41:40+00:00","action":[{"title":"Visit-1","description":"Planned Visit [Visit-1]","definitionUri":"PlanDefinition/H2Q-MC-LZZT-Study-Visit-1"},{"title":"Visit-2","description":"Planned Visit [Visit-2]","definitionUri":"PlanDefinition/H2Q-MC-LZZT-Study-Visit-2"},{"title":"Visit-3","description":"Planned Visit [Visit-3]","definitionUri":"PlanDefinition/H2Q-MC-LZZT-Study-Visit-3"},{"title":"Visit-4","description":"Planned Visit [Visit-4]","definitionUri":"PlanDefinition/H2Q-MC-LZZT-Study-Visit-4"},{"title":"Visit-5","description":"Planned Visit [Visit-5]","definitionUri":"PlanDefinition/H2Q-MC-LZZT-Study-Visit-5"},{"title":"Visit-6","description":"Planned Visit [Visit-6]","definitionUri":"PlanDefinition/H2Q-MC-LZZT-Study-Visit-6"},{"title":"Visit-7","description":"Planned Visit [Visit-7]","definitionUri":"PlanDefinition/H2Q-MC-LZZT-Study-Visit-7"},{"title":"Visit-8","description":"Planned Visit [Visit-8]","definitionUri":"PlanDefinition/H2Q-MC-LZZT-Study-Visit-8"},{"title":"Visit-9","description":"Planned Visit [Visit-9]","definitionUri":"PlanDefinition/H2Q-MC-LZZT-Study-Visit-9"},{"title":"Visit-10","description":"Planned Visit [Visit-10]","definitionUri":"PlanDefinition/H2Q-MC-LZZT-Study-Visit-10"},{"title":"Visit-11","description":"Planned Visit [Visit-11]","definitionUri":"PlanDefinition/H2Q-MC-LZZT-Study-Visit-11"},{"title":"Visit-12","description":"Planned Visit [Visit-12]","definitionUri":"PlanDefinition/H2Q-MC-LZZT-Study-Visit-12"},{"title":"Visit-13","description":"Planned Visit [Visit-13]","definitionUri":"PlanDefinition/H2Q-MC-LZZT-Study-Visit-13"},{"title":"ET-14","description":"Planned Visit [ET-14]","definitionUri":"PlanDefinition/H2Q-MC-LZZT-Study-ET-14"},{"title":"RT-15","description":"Planned Visit [RT-15]","definitionUri":"PlanDefinition/H2Q-MC-LZZT-Study-RT-15"}]}