{"resourceType":"PlanDefinition","id":"H2Q-MC-LZZT-Study-Visit-1","meta":{"profile":["http://example.org/br-and-r/soa/StructureDefinition/SOA-PlanDefinition"]},"extension":[{"url":"http://example.org/br-and-r/soa/StructureDefinition/planned-visit-study-day","valueInteger":-14}],"url":"http://example.org/br-and-r/soa/PlanDefinition/H2Q-MC-LZZT-Study-Visit-1","identifier":[{"use":"usual","type":{"coding":[{"code":"PLAC"}]},"value":"VISIT-1"},{"use":"secondary","type":{"coding":[{"system":"http://www.cdisc.org/ns/odm/v1.3#","display":"OID"}],"text":"OID"},"system":"http://www.cdisc.org/ns/odm/v1.3/StudyDef#","value":"SE.SCREENING_VISIT"}],"version":"0.1.0","status":"active","date":"2021-04-07T18:53:00+00:00","action":[{"title":"Visit","definitionUri":"ActivityDefinition/H2Q-MC-LZZT-Visit"},{"title":"Informed Consent ","definitionUri":"ActivityDefinition/H2Q-MC-LZZT-Informed-Consent"},{"title":"Patient number assigned ","definitionUri":"ActivityDefinition/H2Q-MC-LZZT-Patient-number-assigned"},{"title":"Hachinski 4 ","definitionUri":"ActivityDefinition/H2Q-MC-LZZT-Hachinski-4"},{"title":"MMSE 10-23 ","definitionUri":"ActivityDefinition/H2Q-MC-LZZT-MMSE-10-23"},{"title":"Physical examination ","definitionUri":"ActivityDefinition/H2Q-MC-LZZT-Physical-examination"},{"title":"Medical History ","definitionUri":"ActivityDefinition/H2Q-MC-LZZT-Medical-History"},{"title":"Habits ","definitionUri":"ActivityDefinition/H2Q-MC-LZZT-Habits"},{"title":"Chest x-ray ","definitionUri":"ActivityDefinition/H2Q-MC-LZZT-Chest-x-ray"},{"title":"Vital signs/Temperature ","definitionUri":"ActivityDefinition/H2Q-MC-LZZT-Vital-signs/Temperature"},{"title":"ECG ","definitionUri":"ActivityDefinition/H2Q-MC-LZZT-ECG"},{"title":"Placebo TTS test ","definitionUri":"ActivityDefinition/H2Q-MC-LZZT-Placebo-TTS-test"},{"title":"CT Scan","definitionUri":"ActivityDefinition/H2Q-MC-LZZT-CT-Scan"},{"title":"Concomitant Medications ","definitionUri":"ActivityDefinition/H2Q-MC-LZZT-Concomitant-Medications"},{"title":"Laboratory (Chem/Hemat)","definitionUri":"ActivityDefinition/H2Q-MC-LZZT-Laboratory-(Chem/Hemat)"},{"title":"Laboratory (Urinalysis) ","definitionUri":"ActivityDefinition/H2Q-MC-LZZT-Laboratory-(Urinalysis)"},{"title":"Hemoglobin A1C ","definitionUri":"ActivityDefinition/H2Q-MC-LZZT-Hemoglobin-A1C"},{"title":"ADAS-Cog ","definitionUri":"ActivityDefinition/H2Q-MC-LZZT-ADAS-Cog"},{"title":"CIBIC+ ","definitionUri":"ActivityDefinition/H2Q-MC-LZZT-CIBIC+"},{"title":"DAD ","definitionUri":"ActivityDefinition/H2Q-MC-LZZT-DAD"},{"title":"NPI-X ","definitionUri":"ActivityDefinition/H2Q-MC-LZZT-NPI-X"},{"title":"Adverse events ","definitionUri":"ActivityDefinition/H2Q-MC-LZZT-Adverse-events"}]}