{"resourceType":"PlanDefinition","id":"ScreeningEpoch","meta":{"profile":["http://example.org/br-and-r/soa/StructureDefinition/SOA-epoch-definition"]},"extension":[{"url":"http://example.org/br-and-r/soa/StructureDefinition/soa-epoch-epochtype","valueCodeableConcept":{"coding":[{"system":"http://ncimeta.nci.nih.gov","code":"C48262","display":"SCREENING"}]}}],"url":"http://example.org/br-and-r/soa/PlanDefinition/ScreeningEpoch","version":"0.1.1","status":"active","date":"2021-05-17T14:10:57+00:00"}