{"resourceType":"PlanDefinition","id":"H2Q-MC-LZZT-Study-Visit-6","meta":{"profile":["http://example.org/br-and-r/soa/StructureDefinition/SOA-PlanDefinition"]},"extension":[{"url":"http://example.org/br-and-r/soa/StructureDefinition/planned-visit-study-day","valueInteger":28}],"url":"http://example.org/br-and-r/soa/PlanDefinition/H2Q-MC-LZZT-Study-Visit-6","identifier":[{"value":"VISIT-6"}],"version":"0.1.0","status":"active","date":"2021-04-09T11:39:21+00:00","action":[{"title":"Visit","definitionUri":"ActivityDefinition/H2Q-MC-LZZT-Visit"}]}