{"resourceType":"PlanDefinition","id":"ScreeningEpoch","meta":{"profile":["http://example.org/br-and-r/soa/StructureDefinition/SOA-epoch-definition"]},"extension":[{"url":"http://example.org/br-and-r/soa/StructureDefinition/soa-epoch-epochtype","valueCodeableConcept":{"coding":[{"system":"http://ncimeta.nci.nih.gov","code":"C48262","display":"SCREENING"}]}}],"url":"http://example.org/br-and-r/soa/PlanDefinition/ScreeningEpoch","version":"0.1.0","status":"active","date":"2021-04-07T18:53:00+00:00"}