{"resourceType":"PlanDefinition","id":"H2Q-MC-LZZT-Study-Visit-11","meta":{"profile":["http://example.org/br-and-r/soa/StructureDefinition/SOA-PlanDefinition"]},"extension":[{"url":"http://example.org/br-and-r/soa/StructureDefinition/planned-visit-study-day","valueInteger":140}],"url":"http://example.org/br-and-r/soa/PlanDefinition/H2Q-MC-LZZT-Study-Visit-11","identifier":[{"value":"VISIT-11"},{"use":"secondary","type":{"coding":[{"system":"http://www.cdisc.org/ns/odm/v1.3#","display":"OID"}]},"system":"http://www.cdisc.org/ns/odm/v1.3/StudyDef#","value":"SE.TRT_VISIT_08"}],"version":"0.1.1","status":"active","date":"2021-05-17T14:10:57+00:00","action":[{"title":"Record Visit Date","definitionUri":"ActivityDefinition/H2Q-MC-LZZT-Visit-Date"},{"title":"Vital signs/Temperature ","definitionUri":"ActivityDefinition/H2Q-MC-LZZT-Vital-signs/Temperature"},{"title":"ECG ","definitionUri":"ActivityDefinition/H2Q-MC-LZZT-ECG"},{"title":"Concomitant Medications ","definitionUri":"ActivityDefinition/H2Q-MC-LZZT-Concomitant-Medications"},{"title":"Laboratory (Chem/Hemat)","definitionUri":"ActivityDefinition/H2Q-MC-LZZT-Laboratory-(Chem/Hemat)"},{"title":"Laboratory (Urinalysis) ","definitionUri":"ActivityDefinition/H2Q-MC-LZZT-Laboratory-(Urinalysis)"},{"title":"Plasma Specimen ","definitionUri":"ActivityDefinition/H2Q-MC-LZZT-Plasma-Specimen"},{"title":"Study drug record ","definitionUri":"ActivityDefinition/H2Q-MC-LZZT-Study-drug-record"},{"title":"ADAS-Cog ","definitionUri":"ActivityDefinition/H2Q-MC-LZZT-ADAS-Cog"},{"title":"CIBIC+ ","definitionUri":"ActivityDefinition/H2Q-MC-LZZT-CIBIC+"},{"title":"DAD ","definitionUri":"ActivityDefinition/H2Q-MC-LZZT-DAD"},{"title":"NPI-X ","definitionUri":"ActivityDefinition/H2Q-MC-LZZT-NPI-X"},{"title":"Adverse events ","definitionUri":"ActivityDefinition/H2Q-MC-LZZT-Adverse-events"}]}