{
  "resourceType": "ActivityDefinition",
  "id": "H2Q-MC-LZZT-Concomitant-Medications",
  "text": {
    "status": "generated",
    "div": "<div xmlns=\"http://www.w3.org/1999/xhtml\"><p><b>Generated Narrative</b></p><p><b>url</b>: <code>http://example.org/br-and-r/soa/ActivityDefinition/H2Q-MC-LZZT-Concomitant-Medications</code></p><p><b>identifier</b>: OID: F.CM_1</p><p><b>version</b>: 0.1.1</p><p><b>status</b>: active</p><p><b>date</b>: May 26, 2021, 2:42:20 PM</p><p><b>observationRequirement</b>: <a href=\"Concomitant-Medications-Observations\">Concomitant-Medications-Observations</a></p><p><b>observationResultRequirement</b>: <a href=\"Concomitant-Medications-Observations\">Concomitant-Medications-Observations</a></p></div>"
  },
  "url": "http://example.org/br-and-r/soa/ActivityDefinition/H2Q-MC-LZZT-Concomitant-Medications",
  "identifier": [
    {
      "type": {
        "coding": [
          {
            "system": "http://www.cdisc.org/ns/odm/v1.3#",
            "display": "OID"
          }
        ]
      },
      "system": "http://www.cdisc.org/ns/odm/v1.3/FormDef#",
      "value": "F.CM_1"
    }
  ],
  "version": "0.1.1",
  "status": "active",
  "date": "2021-05-26T14:42:20+00:00",
  "observationRequirement": [
    {
      "reference": "Concomitant-Medications-Observations"
    }
  ],
  "observationResultRequirement": [
    {
      "reference": "Concomitant-Medications-Observations"
    }
  ]
}