{
  "resourceType": "ActivityDefinition",
  "id": "H2Q-MC-LZZT-Chest-x-ray",
  "text": {
    "status": "generated",
    "div": "<div xmlns=\"http://www.w3.org/1999/xhtml\"><p><b>Generated Narrative</b></p><p><b>url</b>: <code>http://example.org/br-and-r/soa/ActivityDefinition/H2Q-MC-LZZT-Chest-x-ray</code></p><p><b>version</b>: 0.1.0</p><p><b>status</b>: active</p><p><b>date</b>: May 5, 2021, 3:48:47 PM</p><p><b>observationRequirement</b>: <a href=\"Chest-x-ray-Observations\">Chest-x-ray-Observations</a></p><p><b>observationResultRequirement</b>: <a href=\"Chest-x-ray-Observations\">Chest-x-ray-Observations</a></p></div>"
  },
  "url": "http://example.org/br-and-r/soa/ActivityDefinition/H2Q-MC-LZZT-Chest-x-ray",
  "version": "0.1.0",
  "status": "active",
  "date": "2021-05-05T15:48:47+00:00",
  "observationRequirement": [
    {
      "reference": "Chest-x-ray-Observations"
    }
  ],
  "observationResultRequirement": [
    {
      "reference": "Chest-x-ray-Observations"
    }
  ]
}