{
  "resourceType": "ActivityDefinition",
  "id": "Visit3",
  "meta": {
    "profile": [
      "http://example.org/br-and-r/soa/StructureDefinition/SOA-planned-visit-definition"
    ]
  },
  "text": {
    "status": "extensions",
    "div": "<div xmlns=\"http://www.w3.org/1999/xhtml\"><p><b>Generated Narrative</b></p><p><b>Planned Study Day of Visit</b>: 1</p><p><b>Study Event OID</b>: VISIT3</p><p><b>url</b>: <code>http://example.org/br-and-r/soa/ActivityDefinition/Visit3</code></p><p><b>version</b>: 0.1.1</p><p><b>status</b>: active</p><p><b>date</b>: May 17, 2021, 2:10:57 PM</p></div>"
  },
  "extension": [
    {
      "url": "http://example.org/br-and-r/soa/StructureDefinition/planned-visit-study-day",
      "valueInteger": 1
    },
    {
      "url": "http://example.org/br-and-r/soa/StructureDefinition/study-event-oid",
      "valueString": "VISIT3"
    }
  ],
  "url": "http://example.org/br-and-r/soa/ActivityDefinition/Visit3",
  "version": "0.1.1",
  "status": "active",
  "date": "2021-05-17T14:10:57+00:00"
}