{
  "resourceType": "ActivityDefinition",
  "id": "PULSE",
  "text": {
    "status": "generated",
    "div": "<div xmlns=\"http://www.w3.org/1999/xhtml\"><p><b>Generated Narrative</b></p><p><b>url</b>: <code>http://example.org/br-and-r/soa/ActivityDefinition/PULSE</code></p><p><b>version</b>: 0.1.1</p><p><b>status</b>: active</p><p><b>date</b>: May 17, 2021, 9:11:23 PM</p></div>"
  },
  "url": "http://example.org/br-and-r/soa/ActivityDefinition/PULSE",
  "version": "0.1.1",
  "status": "active",
  "date": "2021-05-17T21:11:23+00:00"
}