{
  "resourceType": "ActivityDefinition",
  "id": "H2Q-MC-LZZT-Visit-Date",
  "text": {
    "status": "generated",
    "div": "<div xmlns=\"http://www.w3.org/1999/xhtml\"><p><b>Generated Narrative</b></p><p><b>url</b>: <code>http://example.org/br-and-r/soa/ActivityDefinition/H2Q-MC-LZZT-Visit-Date</code></p><p><b>version</b>: 0.1.1</p><p><b>status</b>: active</p><p><b>date</b>: May 17, 2021, 2:10:57 PM</p></div>"
  },
  "url": "http://example.org/br-and-r/soa/ActivityDefinition/H2Q-MC-LZZT-Visit-Date",
  "version": "0.1.1",
  "status": "active",
  "date": "2021-05-17T14:10:57+00:00"
}