{
  "resourceType": "ActivityDefinition",
  "id": "H2Q-MC-LZZT-Patient-randomized",
  "text": {
    "status": "generated",
    "div": "<div xmlns=\"http://www.w3.org/1999/xhtml\"><p><b>Generated Narrative</b></p><p><b>url</b>: <code>http://example.org/br-and-r/soa/ActivityDefinition/H2Q-MC-LZZT-Patient-randomized</code></p><p><b>version</b>: 0.1.1</p><p><b>status</b>: active</p><p><b>date</b>: May 26, 2021, 2:42:20 PM</p><p><b>observationRequirement</b>: <a href=\"Patient-randomized-Observations\">Patient-randomized-Observations</a></p><p><b>observationResultRequirement</b>: <a href=\"Patient-randomized-Observations\">Patient-randomized-Observations</a></p></div>"
  },
  "url": "http://example.org/br-and-r/soa/ActivityDefinition/H2Q-MC-LZZT-Patient-randomized",
  "version": "0.1.1",
  "status": "active",
  "date": "2021-05-26T14:42:20+00:00",
  "observationRequirement": [
    {
      "reference": "Patient-randomized-Observations"
    }
  ],
  "observationResultRequirement": [
    {
      "reference": "Patient-randomized-Observations"
    }
  ]
}