{
  "resourceType": "ActivityDefinition",
  "id": "H2Q-MC-LZZT-Hemoglobin-A1C",
  "text": {
    "status": "generated",
    "div": "<div xmlns=\"http://www.w3.org/1999/xhtml\"><p><b>Generated Narrative</b></p><p><b>url</b>: <code>http://example.org/br-and-r/soa/ActivityDefinition/H2Q-MC-LZZT-Hemoglobin-A1C</code></p><p><b>version</b>: 0.1.1</p><p><b>status</b>: active</p><p><b>date</b>: May 10, 2021, 9:41:40 AM</p><p><b>observationRequirement</b>: <a href=\"Hemoglobin-A1C-Observations\">Hemoglobin-A1C-Observations</a></p><p><b>observationResultRequirement</b>: <a href=\"Hemoglobin-A1C-Observations\">Hemoglobin-A1C-Observations</a></p></div>"
  },
  "url": "http://example.org/br-and-r/soa/ActivityDefinition/H2Q-MC-LZZT-Hemoglobin-A1C",
  "version": "0.1.1",
  "status": "active",
  "date": "2021-05-10T09:41:40+00:00",
  "observationRequirement": [
    {
      "reference": "Hemoglobin-A1C-Observations"
    }
  ],
  "observationResultRequirement": [
    {
      "reference": "Hemoglobin-A1C-Observations"
    }
  ]
}