{
  "resourceType": "ActivityDefinition",
  "id": "SubjectRandomizationDate",
  "meta": {
    "profile": [
      "http://example.org/br-and-r/soa/StructureDefinition/SOA-planned-study-activity-definition"
    ]
  },
  "text": {
    "status": "extensions",
    "div": "<div xmlns=\"http://www.w3.org/1999/xhtml\"><p><b>Generated Narrative</b></p><p><b>Study Milestone</b>: <span title=\"Codes: {http://ncimeta.nci.nih.gov C114209}\">Subject is Randomized</span></p><p><b>Study Milestone</b>: <span title=\"Codes: {http://ncimeta.nci.nih.gov C161417}\">Subject Entered Into Trial</span></p><p><b>url</b>: <code>http://example.org/br-and-r/soa/ActivityDefinition/SubjectRandomizationDate</code></p><p><b>version</b>: 0.1.1</p><p><b>status</b>: active</p><p><b>date</b>: May 10, 2021, 9:41:40 AM</p></div>"
  },
  "extension": [
    {
      "url": "http://example.org/br-and-r/soa/StructureDefinition/soa-study-activity-milestne",
      "valueCodeableConcept": {
        "coding": [
          {
            "system": "http://ncimeta.nci.nih.gov",
            "code": "C114209",
            "display": "Subject is Randomized"
          }
        ]
      }
    },
    {
      "url": "http://example.org/br-and-r/soa/StructureDefinition/soa-study-activity-milestne",
      "valueCodeableConcept": {
        "coding": [
          {
            "system": "http://ncimeta.nci.nih.gov",
            "code": "C161417",
            "display": "Subject Entered Into Trial"
          }
        ]
      }
    }
  ],
  "url": "http://example.org/br-and-r/soa/ActivityDefinition/SubjectRandomizationDate",
  "version": "0.1.1",
  "status": "active",
  "date": "2021-05-10T09:41:40+00:00"
}