{
  "resourceType": "ActivityDefinition",
  "id": "DIABP",
  "text": {
    "status": "generated",
    "div": "<div xmlns=\"http://www.w3.org/1999/xhtml\"><p><b>Generated Narrative</b></p><p><b>url</b>: <code>http://example.org/br-and-r/soa/ActivityDefinition/DIABP</code></p><p><b>version</b>: 0.1.0</p><p><b>status</b>: active</p><p><b>date</b>: May 5, 2021, 3:48:47 PM</p></div>"
  },
  "url": "http://example.org/br-and-r/soa/ActivityDefinition/DIABP",
  "version": "0.1.0",
  "status": "active",
  "date": "2021-05-05T15:48:47+00:00"
}