{
  "resourceType": "ActivityDefinition",
  "id": "H2Q-MC-LZZT-Vitalsigns-Temperature",
  "meta": {
    "profile": [
      "http://example.org/br-and-r/soa/StructureDefinition/SOA-planned-study-activity-definition"
    ]
  },
  "text": {
    "status": "generated",
    "div": "<div xmlns=\"http://www.w3.org/1999/xhtml\"><p><b>Generated Narrative</b></p><p><b>url</b>: <code>http://example.org/br-and-r/soa/ActivityDefinition/H2Q-MC-LZZT-Vitalsigns-Temperature</code></p><p><b>identifier</b>: PLAC: Temperature Measurement (USUAL), OID: I.TEMP (SECONDARY)</p><p><b>version</b>: 0.1.1</p><p><b>status</b>: active</p><p><b>date</b>: May 26, 2021, 2:52:13 PM</p><p><b>code</b>: <span title=\"Codes: {http://snomed.info/sct 56342008}\">Temperature taking (procedure)</span></p><p><b>bodySite</b>: <span title=\"Codes: {http://snomed.info/sct 74262004}, {http://snomed.info/sct 34402009}, {http://snomed.info/sct 91470000}, {http://snomed.info/sct 42859004}\">Oral cavity</span></p></div>"
  },
  "url": "http://example.org/br-and-r/soa/ActivityDefinition/H2Q-MC-LZZT-Vitalsigns-Temperature",
  "identifier": [
    {
      "use": "usual",
      "type": {
        "coding": [
          {
            "code": "PLAC"
          }
        ]
      },
      "value": "Temperature Measurement"
    },
    {
      "use": "secondary",
      "type": {
        "coding": [
          {
            "system": "http://www.cdisc.org/ns/odm/v1.3#",
            "display": "OID"
          }
        ],
        "text": "OID"
      },
      "system": "http://www.cdisc.org/ns/odm/v1.3/StudyDef#",
      "value": "I.TEMP"
    }
  ],
  "version": "0.1.1",
  "status": "active",
  "date": "2021-05-26T14:52:13+00:00",
  "code": {
    "coding": [
      {
        "system": "http://snomed.info/sct",
        "code": "56342008",
        "display": "Temperature taking (procedure)"
      }
    ]
  },
  "bodySite": [
    {
      "coding": [
        {
          "system": "http://snomed.info/sct",
          "code": "74262004",
          "display": "Oral cavity"
        },
        {
          "system": "http://snomed.info/sct",
          "code": "34402009",
          "display": "Rectum"
        },
        {
          "system": "http://snomed.info/sct",
          "code": "91470000",
          "display": "Axilla"
        },
        {
          "system": "http://snomed.info/sct",
          "code": "42859004",
          "display": "Tympanic membrane structure"
        }
      ]
    }
  ]
}