{
  "resourceType": "ActivityDefinition",
  "id": "H2Q-MC-LZZT-Ambulatory-ECG-placed",
  "text": {
    "status": "generated",
    "div": "<div xmlns=\"http://www.w3.org/1999/xhtml\"><p><b>Generated Narrative</b></p><p><b>url</b>: <code>http://example.org/br-and-r/soa/ActivityDefinition/H2Q-MC-LZZT-Ambulatory-ECG-placed</code></p><p><b>version</b>: 0.1.0</p><p><b>status</b>: active</p><p><b>date</b>: Apr 9, 2021, 11:28:52 AM</p><p><b>observationRequirement</b>: <a href=\"Ambulatory-ECG-placed-Observations\">Ambulatory-ECG-placed-Observations</a></p><p><b>observationResultRequirement</b>: <a href=\"Ambulatory-ECG-placed-Observations\">Ambulatory-ECG-placed-Observations</a></p></div>"
  },
  "url": "http://example.org/br-and-r/soa/ActivityDefinition/H2Q-MC-LZZT-Ambulatory-ECG-placed",
  "version": "0.1.0",
  "status": "active",
  "date": "2021-04-09T11:28:52+00:00",
  "observationRequirement": [
    {
      "reference": "Ambulatory-ECG-placed-Observations"
    }
  ],
  "observationResultRequirement": [
    {
      "reference": "Ambulatory-ECG-placed-Observations"
    }
  ]
}