{
  "resourceType": "ActivityDefinition",
  "id": "SYSBP",
  "text": {
    "status": "generated",
    "div": "<div xmlns=\"http://www.w3.org/1999/xhtml\"><p><b>Generated Narrative</b></p><p><b>url</b>: <code>http://example.org/br-and-r/soa/ActivityDefinition/SYSBP</code></p><p><b>version</b>: 0.1.0</p><p><b>status</b>: active</p><p><b>date</b>: Apr 9, 2021, 11:28:52 AM</p></div>"
  },
  "url": "http://example.org/br-and-r/soa/ActivityDefinition/SYSBP",
  "version": "0.1.0",
  "status": "active",
  "date": "2021-04-09T11:28:52+00:00"
}