{
  "resourceType": "ActivityDefinition",
  "id": "H2Q-MC-LZZT-TTS-Acceptability-Survey",
  "text": {
    "status": "generated",
    "div": "<div xmlns=\"http://www.w3.org/1999/xhtml\"><p><b>Generated Narrative</b></p><p><b>url</b>: <code>http://example.org/br-and-r/soa/ActivityDefinition/H2Q-MC-LZZT-TTS-Acceptability-Survey</code></p><p><b>version</b>: 0.1.1</p><p><b>status</b>: active</p><p><b>date</b>: May 17, 2021, 9:11:23 PM</p><p><b>observationRequirement</b>: <a href=\"TTS-Acceptability-Survey-Observations\">TTS-Acceptability-Survey-Observations</a></p><p><b>observationResultRequirement</b>: <a href=\"TTS-Acceptability-Survey-Observations\">TTS-Acceptability-Survey-Observations</a></p></div>"
  },
  "url": "http://example.org/br-and-r/soa/ActivityDefinition/H2Q-MC-LZZT-TTS-Acceptability-Survey",
  "version": "0.1.1",
  "status": "active",
  "date": "2021-05-17T21:11:23+00:00",
  "observationRequirement": [
    {
      "reference": "TTS-Acceptability-Survey-Observations"
    }
  ],
  "observationResultRequirement": [
    {
      "reference": "TTS-Acceptability-Survey-Observations"
    }
  ]
}