{
  "resourceType": "Group",
  "id": "StudyArmStandardOfCare",
  "meta": {
    "profile": [
      "http://example.org/br-and-r/soa/StructureDefinition/SOA-armgroup-definition"
    ]
  },
  "text": {
    "status": "extensions",
    "div": "<div xmlns=\"http://www.w3.org/1999/xhtml\"><p><b>Generated Narrative</b></p><p><b>ResearchStudy Arm</b>: <a href=\"ResearchStudy-LZZT-Research-Study.html\">Generated Summary: status: active</a></p><p><b>Arm Status</b>: <span title=\"Codes: {http://ncimeta.nci.nih.gov C49069}\">Open</span></p><p><b>type</b>: person</p><p><b>actual</b>: true</p></div>"
  },
  "extension": [
    {
      "url": "http://example.org/br-and-r/soa/StructureDefinition/SOA-arm-ResearchStudy",
      "valueReference": {
        "reference": "ResearchStudy/LZZT-Research-Study"
      }
    },
    {
      "url": "http://example.org/br-and-r/soa/StructureDefinition/soa-arm-status",
      "valueCodeableConcept": {
        "coding": [
          {
            "system": "http://ncimeta.nci.nih.gov",
            "code": "C49069",
            "display": "Open"
          }
        ]
      }
    }
  ],
  "type": "person",
  "actual": true
}