{
  "resourceType": "PlanDefinition",
  "id": "H2Q-MC-LZZT-Study-Visit-4",
  "meta": {
    "profile": [
      "http://example.org/br-and-r/soa/StructureDefinition/SOA-PlanDefinition"
    ]
  },
  "text": {
    "status": "extensions",
    "div": "<div xmlns=\"http://www.w3.org/1999/xhtml\"><p><b>Generated Narrative</b></p><p><b>Planned Study Day of Visit</b>: 14</p><p><b>url</b>: <code>http://example.org/br-and-r/soa/PlanDefinition/H2Q-MC-LZZT-Study-Visit-4</code></p><p><b>identifier</b>: PLAC: VISIT-4 (USUAL), OID: SE.TRT_VISIT_01 (SECONDARY)</p><p><b>version</b>: 0.1.1</p><p><b>status</b>: active</p><p><b>date</b>: May 10, 2021, 9:41:40 AM</p><blockquote><p><b>action</b></p><p><b>title</b>: Record Visit Date</p><p><b>definition</b>: <code>ActivityDefinition/H2Q-MC-LZZT-Visit-Date</code></p></blockquote><blockquote><p><b>action</b></p><p><b>title</b>: Apo E genotyping </p><p><b>definition</b>: <code>ActivityDefinition/H2Q-MC-LZZT-Apo-E-genotyping</code></p></blockquote><blockquote><p><b>action</b></p><p><b>title</b>: Vital signs/Temperature </p><p><b>definition</b>: <code>ActivityDefinition/H2Q-MC-LZZT-Vital-signs/Temperature</code></p></blockquote><blockquote><p><b>action</b></p><p><b>title</b>: ECG </p><p><b>definition</b>: <code>ActivityDefinition/H2Q-MC-LZZT-ECG</code></p></blockquote><blockquote><p><b>action</b></p><p><b>title</b>: Concomitant Medications </p><p><b>definition</b>: <code>ActivityDefinition/H2Q-MC-LZZT-Concomitant-Medications</code></p></blockquote><blockquote><p><b>action</b></p><p><b>title</b>: Laboratory (Chem/Hemat)</p><p><b>definition</b>: <code>ActivityDefinition/H2Q-MC-LZZT-Laboratory-(Chem/Hemat)</code></p></blockquote><blockquote><p><b>action</b></p><p><b>title</b>: Plasma Specimen </p><p><b>definition</b>: <code>ActivityDefinition/H2Q-MC-LZZT-Plasma-Specimen</code></p></blockquote><blockquote><p><b>action</b></p><p><b>title</b>: Study drug record </p><p><b>definition</b>: <code>ActivityDefinition/H2Q-MC-LZZT-Study-drug-record</code></p></blockquote><blockquote><p><b>action</b></p><p><b>title</b>: NPI-X </p><p><b>definition</b>: <code>ActivityDefinition/H2Q-MC-LZZT-NPI-X</code></p></blockquote><blockquote><p><b>action</b></p><p><b>title</b>: Adverse events </p><p><b>definition</b>: <code>ActivityDefinition/H2Q-MC-LZZT-Adverse-events</code></p></blockquote></div>"
  },
  "extension": [
    {
      "url": "http://example.org/br-and-r/soa/StructureDefinition/planned-visit-study-day",
      "valueInteger": 14
    }
  ],
  "url": "http://example.org/br-and-r/soa/PlanDefinition/H2Q-MC-LZZT-Study-Visit-4",
  "identifier": [
    {
      "use": "usual",
      "type": {
        "coding": [
          {
            "code": "PLAC"
          }
        ]
      },
      "value": "VISIT-4"
    },
    {
      "use": "secondary",
      "type": {
        "coding": [
          {
            "system": "http://www.cdisc.org/ns/odm/v1.3#",
            "display": "OID"
          }
        ]
      },
      "system": "http://www.cdisc.org/ns/odm/v1.3/StudyDef#",
      "value": "SE.TRT_VISIT_01"
    }
  ],
  "version": "0.1.1",
  "status": "active",
  "date": "2021-05-10T09:41:40+00:00",
  "action": [
    {
      "title": "Record Visit Date",
      "definitionUri": "ActivityDefinition/H2Q-MC-LZZT-Visit-Date"
    },
    {
      "title": "Apo E genotyping ",
      "definitionUri": "ActivityDefinition/H2Q-MC-LZZT-Apo-E-genotyping"
    },
    {
      "title": "Vital signs/Temperature ",
      "definitionUri": "ActivityDefinition/H2Q-MC-LZZT-Vital-signs/Temperature"
    },
    {
      "title": "ECG ",
      "definitionUri": "ActivityDefinition/H2Q-MC-LZZT-ECG"
    },
    {
      "title": "Concomitant Medications ",
      "definitionUri": "ActivityDefinition/H2Q-MC-LZZT-Concomitant-Medications"
    },
    {
      "title": "Laboratory (Chem/Hemat)",
      "definitionUri": "ActivityDefinition/H2Q-MC-LZZT-Laboratory-(Chem/Hemat)"
    },
    {
      "title": "Plasma Specimen ",
      "definitionUri": "ActivityDefinition/H2Q-MC-LZZT-Plasma-Specimen"
    },
    {
      "title": "Study drug record ",
      "definitionUri": "ActivityDefinition/H2Q-MC-LZZT-Study-drug-record"
    },
    {
      "title": "NPI-X ",
      "definitionUri": "ActivityDefinition/H2Q-MC-LZZT-NPI-X"
    },
    {
      "title": "Adverse events ",
      "definitionUri": "ActivityDefinition/H2Q-MC-LZZT-Adverse-events"
    }
  ]
}