{
  "resourceType": "PlanDefinition",
  "id": "H2Q-MC-LZZT-ProtocolDesign",
  "meta": {
    "profile": [
      "http://example.org/br-and-r/soa/StructureDefinition/SOA-PlanDefinition"
    ]
  },
  "text": {
    "status": "generated",
    "div": "<div xmlns=\"http://www.w3.org/1999/xhtml\"><p><b>Generated Narrative</b></p><p><b>url</b>: <code>http://example.org/br-and-r/soa/PlanDefinition/H2Q-MC-LZZT-ProtocolDesign</code></p><p><b>version</b>: 0.1.1</p><p><b>status</b>: active</p><p><b>date</b>: May 26, 2021, 2:42:20 PM</p><blockquote><p><b>action</b></p><p><b>title</b>: Visit-1</p><p><b>description</b>: Planned Visit [Visit-1]</p><p><b>definition</b>: <code>PlanDefinition/H2Q-MC-LZZT-Study-Visit-1</code></p></blockquote><blockquote><p><b>action</b></p><p><b>title</b>: Visit-2</p><p><b>description</b>: Planned Visit [Visit-2]</p><p><b>definition</b>: <code>PlanDefinition/H2Q-MC-LZZT-Study-Visit-2</code></p></blockquote><blockquote><p><b>action</b></p><p><b>title</b>: Visit-3</p><p><b>description</b>: Planned Visit [Visit-3]</p><p><b>definition</b>: <code>PlanDefinition/H2Q-MC-LZZT-Study-Visit-3</code></p></blockquote><blockquote><p><b>action</b></p><p><b>title</b>: Visit-4</p><p><b>description</b>: Planned Visit [Visit-4]</p><p><b>definition</b>: <code>PlanDefinition/H2Q-MC-LZZT-Study-Visit-4</code></p></blockquote><blockquote><p><b>action</b></p><p><b>title</b>: Visit-5</p><p><b>description</b>: Planned Visit [Visit-5]</p><p><b>definition</b>: <code>PlanDefinition/H2Q-MC-LZZT-Study-Visit-5</code></p></blockquote><blockquote><p><b>action</b></p><p><b>title</b>: Visit-6</p><p><b>description</b>: Planned Visit [Visit-6]</p><p><b>definition</b>: <code>PlanDefinition/H2Q-MC-LZZT-Study-Visit-6</code></p></blockquote><blockquote><p><b>action</b></p><p><b>title</b>: Visit-7</p><p><b>description</b>: Planned Visit [Visit-7]</p><p><b>definition</b>: <code>PlanDefinition/H2Q-MC-LZZT-Study-Visit-7</code></p></blockquote><blockquote><p><b>action</b></p><p><b>title</b>: Visit-8</p><p><b>description</b>: Planned Visit [Visit-8]</p><p><b>definition</b>: <code>PlanDefinition/H2Q-MC-LZZT-Study-Visit-8</code></p></blockquote><blockquote><p><b>action</b></p><p><b>title</b>: Visit-9</p><p><b>description</b>: Planned Visit [Visit-9]</p><p><b>definition</b>: <code>PlanDefinition/H2Q-MC-LZZT-Study-Visit-9</code></p></blockquote><blockquote><p><b>action</b></p><p><b>title</b>: Visit-10</p><p><b>description</b>: Planned Visit [Visit-10]</p><p><b>definition</b>: <code>PlanDefinition/H2Q-MC-LZZT-Study-Visit-10</code></p></blockquote><blockquote><p><b>action</b></p><p><b>title</b>: Visit-11</p><p><b>description</b>: Planned Visit [Visit-11]</p><p><b>definition</b>: <code>PlanDefinition/H2Q-MC-LZZT-Study-Visit-11</code></p></blockquote><blockquote><p><b>action</b></p><p><b>title</b>: Visit-12</p><p><b>description</b>: Planned Visit [Visit-12]</p><p><b>definition</b>: <code>PlanDefinition/H2Q-MC-LZZT-Study-Visit-12</code></p></blockquote><blockquote><p><b>action</b></p><p><b>title</b>: Visit-13</p><p><b>description</b>: Planned Visit [Visit-13]</p><p><b>definition</b>: <code>PlanDefinition/H2Q-MC-LZZT-Study-Visit-13</code></p></blockquote><blockquote><p><b>action</b></p><p><b>title</b>: ET-14</p><p><b>description</b>: Planned Visit [ET-14]</p><p><b>definition</b>: <code>PlanDefinition/H2Q-MC-LZZT-Study-ET-14</code></p></blockquote><blockquote><p><b>action</b></p><p><b>title</b>: RT-15</p><p><b>description</b>: Planned Visit [RT-15]</p><p><b>definition</b>: <code>PlanDefinition/H2Q-MC-LZZT-Study-RT-15</code></p></blockquote></div>"
  },
  "url": "http://example.org/br-and-r/soa/PlanDefinition/H2Q-MC-LZZT-ProtocolDesign",
  "version": "0.1.1",
  "status": "active",
  "date": "2021-05-26T14:42:20+00:00",
  "action": [
    {
      "title": "Visit-1",
      "description": "Planned Visit [Visit-1]",
      "definitionUri": "PlanDefinition/H2Q-MC-LZZT-Study-Visit-1"
    },
    {
      "title": "Visit-2",
      "description": "Planned Visit [Visit-2]",
      "definitionUri": "PlanDefinition/H2Q-MC-LZZT-Study-Visit-2"
    },
    {
      "title": "Visit-3",
      "description": "Planned Visit [Visit-3]",
      "definitionUri": "PlanDefinition/H2Q-MC-LZZT-Study-Visit-3"
    },
    {
      "title": "Visit-4",
      "description": "Planned Visit [Visit-4]",
      "definitionUri": "PlanDefinition/H2Q-MC-LZZT-Study-Visit-4"
    },
    {
      "title": "Visit-5",
      "description": "Planned Visit [Visit-5]",
      "definitionUri": "PlanDefinition/H2Q-MC-LZZT-Study-Visit-5"
    },
    {
      "title": "Visit-6",
      "description": "Planned Visit [Visit-6]",
      "definitionUri": "PlanDefinition/H2Q-MC-LZZT-Study-Visit-6"
    },
    {
      "title": "Visit-7",
      "description": "Planned Visit [Visit-7]",
      "definitionUri": "PlanDefinition/H2Q-MC-LZZT-Study-Visit-7"
    },
    {
      "title": "Visit-8",
      "description": "Planned Visit [Visit-8]",
      "definitionUri": "PlanDefinition/H2Q-MC-LZZT-Study-Visit-8"
    },
    {
      "title": "Visit-9",
      "description": "Planned Visit [Visit-9]",
      "definitionUri": "PlanDefinition/H2Q-MC-LZZT-Study-Visit-9"
    },
    {
      "title": "Visit-10",
      "description": "Planned Visit [Visit-10]",
      "definitionUri": "PlanDefinition/H2Q-MC-LZZT-Study-Visit-10"
    },
    {
      "title": "Visit-11",
      "description": "Planned Visit [Visit-11]",
      "definitionUri": "PlanDefinition/H2Q-MC-LZZT-Study-Visit-11"
    },
    {
      "title": "Visit-12",
      "description": "Planned Visit [Visit-12]",
      "definitionUri": "PlanDefinition/H2Q-MC-LZZT-Study-Visit-12"
    },
    {
      "title": "Visit-13",
      "description": "Planned Visit [Visit-13]",
      "definitionUri": "PlanDefinition/H2Q-MC-LZZT-Study-Visit-13"
    },
    {
      "title": "ET-14",
      "description": "Planned Visit [ET-14]",
      "definitionUri": "PlanDefinition/H2Q-MC-LZZT-Study-ET-14"
    },
    {
      "title": "RT-15",
      "description": "Planned Visit [RT-15]",
      "definitionUri": "PlanDefinition/H2Q-MC-LZZT-Study-RT-15"
    }
  ]
}