{
  "resourceType": "PlanDefinition",
  "id": "LZZT-Study-Definition",
  "meta": {
    "profile": [
      "http://example.org/br-and-r/soa/StructureDefinition/SOA-study-definition"
    ]
  },
  "text": {
    "status": "generated",
    "div": "<div xmlns=\"http://www.w3.org/1999/xhtml\"><p><b>Generated Narrative</b></p><p><b>url</b>: <code>http://example.org/br-and-r/soa/PlanDefinition/LZZT-Study-Definition</code></p><p><b>version</b>: 0.1.0</p><p><b>status</b>: active</p><p><b>date</b>: Apr 9, 2021, 11:39:21 AM</p></div>"
  },
  "url": "http://example.org/br-and-r/soa/PlanDefinition/LZZT-Study-Definition",
  "version": "0.1.0",
  "status": "active",
  "date": "2021-04-09T11:39:21+00:00"
}