{
  "resourceType": "PlanDefinition",
  "id": "VitalSigns",
  "text": {
    "status": "generated",
    "div": "<div xmlns=\"http://www.w3.org/1999/xhtml\"><p><b>Generated Narrative</b></p><p><b>url</b>: <code>http://example.org/br-and-r/soa/PlanDefinition/VitalSigns</code></p><p><b>version</b>: 0.1.0</p><p><b>status</b>: active</p><p><b>date</b>: May 5, 2021, 3:48:47 PM</p><blockquote><p><b>action</b></p><p><b>title</b>: Blood Pressure</p><h3>Actions</h3><table class=\"grid\"><tr><td>-</td><td><b>Title</b></td><td><b>Definition[x]</b></td></tr><tr><td>*</td><td>Systolic Blood Pressure</td><td><code>ActivityDefinition/SYSBP</code></td></tr><tr><td>*</td><td>Diastolic Blood Pressure</td><td><code>ActivityDefinition/DIABP</code></td></tr></table></blockquote><blockquote><p><b>action</b></p><p><b>title</b>: Pulse</p><h3>Actions</h3><table class=\"grid\"><tr><td>-</td><td><b>Title</b></td><td><b>Definition[x]</b></td></tr><tr><td>*</td><td>Pulse Rate</td><td><code>ActivityDefinition/PULSE</code></td></tr></table></blockquote></div>"
  },
  "url": "http://example.org/br-and-r/soa/PlanDefinition/VitalSigns",
  "version": "0.1.0",
  "status": "active",
  "date": "2021-05-05T15:48:47+00:00",
  "action": [
    {
      "title": "Blood Pressure",
      "action": [
        {
          "title": "Systolic Blood Pressure",
          "definitionUri": "ActivityDefinition/SYSBP"
        },
        {
          "title": "Diastolic Blood Pressure",
          "definitionUri": "ActivityDefinition/DIABP"
        }
      ]
    },
    {
      "title": "Pulse",
      "action": [
        {
          "title": "Pulse Rate",
          "definitionUri": "ActivityDefinition/PULSE"
        }
      ]
    }
  ]
}