{
  "resourceType": "PlanDefinition",
  "id": "H2Q-MC-LZZT-Study-RT-15",
  "meta": {
    "profile": [
      "http://example.org/br-and-r/soa/StructureDefinition/SOA-PlanDefinition"
    ]
  },
  "text": {
    "status": "extensions",
    "div": "<div xmlns=\"http://www.w3.org/1999/xhtml\"><p><b>Generated Narrative</b></p><p><b>Planned Study Day of Visit</b>: 0</p><p><b>url</b>: <code>http://example.org/br-and-r/soa/PlanDefinition/H2Q-MC-LZZT-Study-RT-15</code></p><p><b>identifier</b>: PLAC: RT-15 (USUAL), OID: SE.RETRIEVAL_TERM_VISIT (SECONDARY)</p><p><b>version</b>: 0.1.0</p><p><b>status</b>: active</p><p><b>date</b>: May 5, 2021, 3:48:47 PM</p><blockquote><p><b>action</b></p><p><b>title</b>: Record Visit Date</p><p><b>definition</b>: <code>ActivityDefinition/H2Q-MC-LZZT-Visit-Date</code></p></blockquote><blockquote><p><b>action</b></p><p><b>title</b>: RT</p><p><b>definition</b>: <code>ActivityDefinition/H2Q-MC-LZZT-RT</code></p></blockquote><blockquote><p><b>action</b></p><p><b>title</b>: Vital signs/Temperature </p><p><b>definition</b>: <code>ActivityDefinition/H2Q-MC-LZZT-Vital-signs/Temperature</code></p></blockquote><blockquote><p><b>action</b></p><p><b>title</b>: Concomitant Medications </p><p><b>definition</b>: <code>ActivityDefinition/H2Q-MC-LZZT-Concomitant-Medications</code></p></blockquote><blockquote><p><b>action</b></p><p><b>title</b>: ADAS-Cog </p><p><b>definition</b>: <code>ActivityDefinition/H2Q-MC-LZZT-ADAS-Cog</code></p></blockquote><blockquote><p><b>action</b></p><p><b>title</b>: CIBIC+ </p><p><b>definition</b>: <code>ActivityDefinition/H2Q-MC-LZZT-CIBIC+</code></p></blockquote><blockquote><p><b>action</b></p><p><b>title</b>: DAD </p><p><b>definition</b>: <code>ActivityDefinition/H2Q-MC-LZZT-DAD</code></p></blockquote><blockquote><p><b>action</b></p><p><b>title</b>: NPI-X </p><p><b>definition</b>: <code>ActivityDefinition/H2Q-MC-LZZT-NPI-X</code></p></blockquote><blockquote><p><b>action</b></p><p><b>title</b>: Adverse events </p><p><b>definition</b>: <code>ActivityDefinition/H2Q-MC-LZZT-Adverse-events</code></p></blockquote></div>"
  },
  "extension": [
    {
      "url": "http://example.org/br-and-r/soa/StructureDefinition/planned-visit-study-day",
      "valueInteger": 0
    }
  ],
  "url": "http://example.org/br-and-r/soa/PlanDefinition/H2Q-MC-LZZT-Study-RT-15",
  "identifier": [
    {
      "use": "usual",
      "type": {
        "coding": [
          {
            "code": "PLAC"
          }
        ]
      },
      "value": "RT-15"
    },
    {
      "use": "secondary",
      "type": {
        "coding": [
          {
            "system": "http://www.cdisc.org/ns/odm/v1.3#",
            "display": "OID"
          }
        ]
      },
      "system": "http://www.cdisc.org/ns/odm/v1.3/StudyDef#",
      "value": "SE.RETRIEVAL_TERM_VISIT"
    }
  ],
  "version": "0.1.0",
  "status": "active",
  "date": "2021-05-05T15:48:47+00:00",
  "action": [
    {
      "title": "Record Visit Date",
      "definitionUri": "ActivityDefinition/H2Q-MC-LZZT-Visit-Date"
    },
    {
      "title": "RT",
      "definitionUri": "ActivityDefinition/H2Q-MC-LZZT-RT"
    },
    {
      "title": "Vital signs/Temperature ",
      "definitionUri": "ActivityDefinition/H2Q-MC-LZZT-Vital-signs/Temperature"
    },
    {
      "title": "Concomitant Medications ",
      "definitionUri": "ActivityDefinition/H2Q-MC-LZZT-Concomitant-Medications"
    },
    {
      "title": "ADAS-Cog ",
      "definitionUri": "ActivityDefinition/H2Q-MC-LZZT-ADAS-Cog"
    },
    {
      "title": "CIBIC+ ",
      "definitionUri": "ActivityDefinition/H2Q-MC-LZZT-CIBIC+"
    },
    {
      "title": "DAD ",
      "definitionUri": "ActivityDefinition/H2Q-MC-LZZT-DAD"
    },
    {
      "title": "NPI-X ",
      "definitionUri": "ActivityDefinition/H2Q-MC-LZZT-NPI-X"
    },
    {
      "title": "Adverse events ",
      "definitionUri": "ActivityDefinition/H2Q-MC-LZZT-Adverse-events"
    }
  ]
}