{
  "resourceType": "PlanDefinition",
  "id": "H2Q-MC-LZZT-Study-Visit-6",
  "meta": {
    "profile": [
      "http://example.org/br-and-r/soa/StructureDefinition/SOA-PlanDefinition"
    ]
  },
  "text": {
    "status": "extensions",
    "div": "<div xmlns=\"http://www.w3.org/1999/xhtml\"><p><b>Generated Narrative</b></p><p><b>Planned Study Day of Visit</b>: 28</p><p><b>url</b>: <code>http://example.org/br-and-r/soa/PlanDefinition/H2Q-MC-LZZT-Study-Visit-6</code></p><p><b>identifier</b>: id: VISIT-6</p><p><b>version</b>: 0.1.0</p><p><b>status</b>: active</p><p><b>date</b>: Apr 21, 2021, 3:52:00 PM</p><h3>Actions</h3><table class=\"grid\"><tr><td>-</td><td><b>Title</b></td><td><b>Definition[x]</b></td></tr><tr><td>*</td><td>Visit</td><td><code>ActivityDefinition/H2Q-MC-LZZT-Visit</code></td></tr></table></div>"
  },
  "extension": [
    {
      "url": "http://example.org/br-and-r/soa/StructureDefinition/planned-visit-study-day",
      "valueInteger": 28
    }
  ],
  "url": "http://example.org/br-and-r/soa/PlanDefinition/H2Q-MC-LZZT-Study-Visit-6",
  "identifier": [
    {
      "value": "VISIT-6"
    }
  ],
  "version": "0.1.0",
  "status": "active",
  "date": "2021-04-21T15:52:00+00:00",
  "action": [
    {
      "title": "Visit",
      "definitionUri": "ActivityDefinition/H2Q-MC-LZZT-Visit"
    }
  ]
}